{
  "franchise": {
    "name": "DC Franchise Database",
    "totalSeasons": 5,
    "totalPlayers": 58,
    "description": "Total Drama franchise statistics and season data"
  },
  "seasons": [
    {
      "seasonNumber": 1,
      "title": "Total Drama",
      "subtitle": "Where it all began",
      "castSize": 24,
      "episodeCount": 24,
      "winner": {
        "name": "Lindsay",
        "playerSlug": "lindsay",
        "vote": "5-4",
        "runnerUp": "Alejandro"
      },
      "awards": {
        "fanFavorite": {
          "name": "Justin",
          "playerSlug": "justin"
        },
        "bestStrategic": {
          "name": "Alejandro",
          "playerSlug": "alejandro"
        },
        "mostChallengeWins": {
          "name": "Bridgette",
          "playerSlug": "bridgette",
          "detail": "5 total (4 immunities)"
        }
      },
      "theme": "Classic island survival",
      "status": "Complete",
      "castPhotoPath": "assets/cast/s1-cast.png",
      "emoji": "🏝️"
    },
    {
      "seasonNumber": 2,
      "title": "Total Drama 2",
      "subtitle": "The sequel that raised the stakes",
      "castSize": 14,
      "episodeCount": 13,
      "winner": {
        "name": "Duncan",
        "playerSlug": "duncan",
        "vote": "5-3-1",
        "runnerUp": "Alejandro & Lindsay"
      },
      "awards": {
        "fanFavorite": {
          "name": "Alejandro",
          "playerSlug": "alejandro"
        },
        "bestStrategic": {
          "name": "Alejandro",
          "playerSlug": "alejandro"
        },
        "mostChallengeWins": {
          "name": "Alejandro",
          "playerSlug": "alejandro",
          "detail": "5 immunity"
        }
      },
      "theme": "Only Returnees",
      "status": "Complete",
      "castPhotoPath": "assets/cast/s2-cast.png",
      "emoji": "🔁"
    },
    {
      "seasonNumber": 3,
      "title": "Total Drama Revenge of the Island",
      "subtitle": "The season where loyalty was tested—and broken",
      "castSize": 16,
      "episodeCount": 13,
      "winner": {
        "name": "Emma",
        "playerSlug": "emma",
        "vote": "4-3-1",
        "runnerUp": "Scott & Cameron"
      },
      "awards": {
        "fanFavorite": {
          "name": "Dakota",
          "playerSlug": "dakota"
        },
        "bestStrategic": {
          "name": "Scott",
          "playerSlug": "scott"
        },
        "mostChallengeWins": {
          "name": "Scott",
          "playerSlug": "scott",
          "detail": "6 total"
        }
      },
      "theme": "New generation rises",
      "status": "Complete",
      "castPhotoPath": "assets/cast/s3-cast.png",
      "emoji": "🌋"
    },
    {
      "seasonNumber": 4,
      "title": "Total Drama All-Stars",
      "subtitle": "All-Stars collide",
      "castSize": 18,
      "episodeCount": 14,
      "winner": {
        "name": "Alejandro",
        "playerSlug": "alejandro",
        "vote": "7-6-1",
        "runnerUp": "Zoey & Scott"
      },
      "awards": {
        "fanFavorite": {
          "name": "Jo",
          "playerSlug": "jo"
        },
        "bestStrategic": {
          "name": "Alejandro",
          "playerSlug": "alejandro"
        },
        "mostChallengeWins": {
          "name": "Gwen",
          "playerSlug": "gwen",
          "detail": "4 total (tied with Zoey)"
        }
      },
      "theme": "All-Stars season",
      "status": "Complete",
      "castPhotoPath": "assets/cast/s4-cast.png",
      "emoji": "⭐"
    },
    {
      "seasonNumber": 5,
      "title": "Total Drama Rescue Island",
      "subtitle": "3 tribes, swaps, and ultimate chaos",
      "castSize": 18,
      "episodeCount": 14,
      "winner": {
        "name": "Mickey",
        "playerSlug": "mickey",
        "vote": "3-3-2 (tiebreak)",
        "runnerUp": "Sky & Ryan"
      },
      "awards": {
        "fanFavorite": {
          "name": "Ryan",
          "playerSlug": "ryan"
        },
        "bestStrategic": {
          "name": "Scarlett",
          "playerSlug": "scarlett"
        },
        "mostChallengeWins": {
          "name": "Sky",
          "playerSlug": "sky",
          "detail": "4 total (3 immunities)"
        }
      },
      "theme": "Rescue Island with 3 tribes",
      "status": "Complete",
      "castPhotoPath": "assets/cast/s5-cast.png",
      "emoji": "🛟"
    }
  ]
}