{
  "seasonNumber": 4,
  "title": "Total Drama: Edge of Extinction",
  "subtitle": "All-Stars with Edge of Extinction twist",
  "castSize": 18,
  "episodeCount": 14,
  "jurySize": 14,
  "winner": {
    "name": "Alejandro",
    "playerSlug": "alejandro",
    "vote": "7-6-1",
    "runnerUp": "Zoey & Scott",
    "keyStats": "3rd finals appearance (finally won!)",
    "strategy": "Strategic brilliance",
    "legacy": "Strategy defeats social gameplay"
  },
  "finalists": [
    {
      "name": "Alejandro",
      "playerSlug": "alejandro",
      "placement": 1,
      "votes": 7
    },
    {
      "name": "Zoey",
      "playerSlug": "zoey",
      "placement": 2,
      "votes": 6
    },
    {
      "name": "Scott",
      "playerSlug": "scott",
      "placement": 3,
      "votes": 1
    }
  ],
  "placements": [
    {
      "placement": 1,
      "name": "Alejandro",
      "playerSlug": "alejandro",
      "phase": "Winner",
      "notes": "7 votes to win • 2 challenge wins • 2 immunity wins • 9 votes against"
    },
    {
      "placement": 2,
      "name": "Zoey",
      "playerSlug": "zoey",
      "phase": "Finalist",
      "notes": "6 votes to win • 4 challenge wins • 3 immunity wins • Idol (found Ep3; played Ep5 Pt2) saved Geoff; 7 votes cancelled • Only 1 vote received all season (cancelled by idol)"
    },
    {
      "placement": 3,
      "name": "Scott",
      "playerSlug": "scott",
      "phase": "Finalist",
      "notes": "1 vote to win • Idol (found Ep6; played Ep14) perfect play; 3 votes cancelled"
    },
    {
      "placement": 4,
      "name": "Gwen",
      "playerSlug": "gwen",
      "phase": "Juror",
      "notes": "Lost fire-making • 4 challenge wins • 4 immunity wins • 13 votes against • 4 consecutive immunity wins (E11–14)"
    },
    {
      "placement": 5,
      "name": "Cameron",
      "playerSlug": "cameron",
      "phase": "Juror",
      "notes": "2-0 (Scott idol) • 3 challenge wins • 1 immunity wins"
    },
    {
      "placement": 6,
      "name": "Geoff",
      "playerSlug": "geoff",
      "phase": "Juror",
      "notes": "4-2 (returnee) • 2 challenge wins • 29 votes against"
    },
    {
      "placement": 7,
      "name": "Duncan",
      "playerSlug": "duncan",
      "phase": "Juror",
      "notes": "3-2-1 vote • 10 votes against"
    },
    {
      "placement": 8,
      "name": "Harold",
      "playerSlug": "harold",
      "phase": "Juror",
      "notes": "3-3-1 → 3-2 • 3 challenge wins • 1 immunity wins"
    },
    {
      "placement": 9,
      "name": "Noah",
      "playerSlug": "noah",
      "phase": "Juror",
      "notes": "5-4 vote • Idol (found Ep2; played Ep5 Pt2) self-save"
    },
    {
      "placement": 10,
      "name": "Jo",
      "playerSlug": "jo",
      "phase": "Juror",
      "notes": "4-4-2 → 5-3 (Fan Fav) • 9 votes against"
    },
    {
      "placement": 11,
      "name": "Sierra",
      "playerSlug": "sierra",
      "phase": "Juror",
      "notes": "8-4 (EoE return) • Idol (found Ep6; played Ep7) perfect play; 10 votes cancelled • 26 votes against"
    },
    {
      "placement": 12,
      "name": "Mike",
      "playerSlug": "mike",
      "phase": "Juror",
      "notes": "2-0 (Sierra idol)"
    },
    {
      "placement": 13,
      "name": "Lightning",
      "playerSlug": "lightning",
      "phase": "Juror",
      "notes": "9-4 vote • Idol (found Ep5; played Ep5 Pt2) self-save; 2 votes cancelled • 14 votes against"
    },
    {
      "placement": 14,
      "name": "Courtney",
      "playerSlug": "courtney",
      "phase": "Juror",
      "notes": "Triple vote chaos"
    },
    {
      "placement": 15,
      "name": "Heather",
      "playerSlug": "heather",
      "phase": "Juror",
      "notes": "3-2 vote"
    },
    {
      "placement": 16,
      "name": "Anne Maria",
      "playerSlug": "anne-maria",
      "phase": "Juror",
      "notes": "4-1 vote • Idol (Ep1) wasted on Zoey"
    },
    {
      "placement": 17,
      "name": "Emma",
      "playerSlug": "emma",
      "phase": "Juror",
      "notes": "5-3 (S3 Winner)"
    },
    {
      "placement": 18,
      "name": "Dakota",
      "playerSlug": "dakota",
      "phase": "Pre-Merge",
      "notes": "7-2; Quit EoE"
    }
  ],
  "awards": {
    "winner": {
      "name": "Alejandro",
      "playerSlug": "alejandro",
      "description": "Strategic mastermind finally wins on his 3rd finals appearance; survived 9 votes against and edged out Zoey 7–6–1."
    },
    "fanFavorite": {
      "name": "Jo",
      "playerSlug": "jo",
      "description": "Most entertaining chaos agent; stirred rivalries and survived tie chaos to reach the jury."
    },
    "bestStrategic": {
      "name": "Alejandro",
      "playerSlug": "alejandro",
      "description": "Controlled the endgame and proved strategy can beat even dominant social bonds."
    },
    "bestPhysical": {
      "name": "Gwen",
      "playerSlug": "gwen",
      "description": "Most dominant challenge run: four straight individual immunity wins (E11–14).",
      "wins": 4
    },
    "bestSocial": {
      "name": "Zoey",
      "playerSlug": "zoey",
      "description": "Built unprecedented social capital with multiple unbreakable bonds and reached the finale with virtually no votes against."
    },
    "mostClutch": {
      "name": "Zoey",
      "playerSlug": "zoey",
      "description": "Made timely moves under pressure—idol save and late immunity wins to reach the closest finale ever."
    },
    "mostLoyal": {
      "name": "Zoey",
      "playerSlug": "zoey",
      "description": "Stayed fiercely loyal to her core relationships (Mike and Geoff) and leveraged bonds to the end."
    },
    "bestUnderdog": {
      "name": "Geoff",
      "playerSlug": "geoff",
      "description": "Voted out twice yet kept fighting back—returned from EoE and still finished 6th.",
      "note": "Returnee run"
    },
    "biggestVillain": {
      "name": "Sierra",
      "playerSlug": "sierra",
      "description": "Returned from Edge of Extinction and immediately ignited conflict; perfect-idol chaos and relentless targeting."
    },
    "mostChaotic": {
      "name": "Jo",
      "playerSlug": "jo",
      "description": "Constant friction and big personality created the season’s most memorable chaos."
    },
    "quietestThreat": {
      "name": "Scott",
      "playerSlug": "scott",
      "description": "Played a patient, low-key game highlighted by a franchise-record idol hold and perfect timing."
    },
    "seasonMVP": {
      "name": "Alejandro",
      "playerSlug": "alejandro",
      "description": "Overall most impactful player: strategic control + clutch wins in the closest jury vote ever."
    },
    "biggestMeltdown": {
      "name": "Sierra",
      "playerSlug": "sierra",
      "description": "Cracked under endgame pressure after returning from Edge of Extinction, drawing heavy heat and spiraling into a blow-up that tanked her position.",
      "desc": "Cracked under endgame pressure after returning from Edge of Extinction, drawing heavy heat and spiraling into a blow-up that tanked her position."
    },
    "mostTragic": {
      "name": "Emma",
      "playerSlug": "emma",
      "description": "A past winner who never found footing in the All‑Stars/EoE chaos; taken out early before she could regain control of the season.",
      "desc": "A past winner who never found footing in the All‑Stars/EoE chaos; taken out early before she could regain control of the season."
    },
    "mostUnlucky": {
      "name": "Dakota",
      "playerSlug": "dakota",
      "description": "Bad break after bad break—early target and then a rough Edge of Extinction experience that ended with a quit.",
      "desc": "Bad break after bad break—early target and then a rough Edge of Extinction experience that ended with a quit."
    },
    "messiestFeud": {
      "players": [
        "Jo",
        "Heather"
      ],
      "playerSlugs": [
        "jo",
        "heather"
      ],
      "description": "Two alpha personalities clashed all season—fueling votes, side‑taking, and constant tribe tension.",
      "desc": "Two alpha personalities clashed all season—fueling votes, side‑taking, and constant tribe tension."
    },
    "biggestBetrayal": {
      "betrayer": "Scott",
      "betrayed": "Emma",
      "description": "Scott turned on Emma at the crucial moment, cutting a dangerous competitor and reshaping the numbers overnight.",
      "desc": "Scott turned on Emma at the crucial moment, cutting a dangerous competitor and reshaping the numbers overnight."
    }
  },
  "statistics": {
    "challengeWins": {
      "mostTotal": {
        "name": "Alejandro",
        "playerSlug": "alejandro",
        "wins": 4
      },
      "longestStreak": {
        "name": "Gwen",
        "playerSlug": "gwen",
        "wins": 4,
        "note": "Ep 11-14 consecutive"
      }
    },
    "socialGame": {
      "fewestVotes": {
        "name": "Zoey",
        "playerSlug": "zoey",
        "votes": 1,
        "note": "1 cancelled"
      },
      "mostVotes": {
        "name": "Geoff",
        "playerSlug": "geoff",
        "votes": 29
      }
    },
    "strategic": {
      "longestIdolHold": {
        "name": "Scott",
        "playerSlug": "scott",
        "tribals": 9
      },
      "mostVotesCancelled": [
        {
          "name": "Sierra",
          "playerSlug": "sierra",
          "votes": 10
        },
        {
          "name": "Zoey",
          "playerSlug": "zoey",
          "votes": 7
        }
      ],
      "perfectIdolPlays": [
        {
          "name": "Scott",
          "playerSlug": "scott"
        },
        {
          "name": "Sierra",
          "playerSlug": "sierra"
        },
        {
          "name": "Zoey",
          "playerSlug": "zoey"
        }
      ],
      "mostUnbreakableBonds": {
        "name": "Zoey",
        "playerSlug": "zoey",
        "count": 3,
        "note": "Simultaneous"
      }
    },
    "extreme": {
      "closestFinale": "7-6-1",
      "largestJury": 14,
      "mostEoEParticipants": 12,
      "mostFinalsAppearances": {
        "name": "Alejandro",
        "playerSlug": "alejandro",
        "count": 3
      }
    }
  },
  "legacy": {
    "summary": "Combined All-Stars (9 Gen 1, 9 Gen 2) with Edge of Extinction. Alejandro FINALLY won his crown on his 3rd finals appearance, defeating Zoey's unprecedented 3 unbreakable bonds with strategic mastery. The closest finale ever (7-6-1) proved that in modern gameplay, strategy defeats pure social bonds.",
    "memorableMoments": [
      "Closest finale ever: Alejandro wins 7–6–1",
      "Gwen wins 4 straight immunities (E11–14)",
      "Triple-idol tribal cancels all 9 votes (Ep5 Pt2)",
      "Sierra’s perfect idol play cancels 10 votes (Ep7)",
      "Jo earns Fan Favorite and survives tie chaos",
      "Geoff voted out twice but still makes 6th"
    ]
  }
}