{
  "metadata": {
    "name": "DC Franchise Rankings Database",
    "version": "5.0 - FINAL CORRECTED",
    "lastUpdated": "2026-01-05",
    "description": "Complete player rankings after Season 5 with corrected tiers and scores",
    "totalPlayers": 58,
    "source": "Corrected tier placements from paste.txt"
  },
  "scoringSystem": {
    "placement": "40% - Average finish position across all seasons",
    "winRate": "20% - Championships won / appearances",
    "challengePerformance": "15% - Individual immunity + reward wins",
    "socialGame": "15% - Votes received (lower = better), jury votes earned",
    "strategicImpact": "10% - Idol plays, blindsides executed, game control"
  },
  "tiers": {
    "S+": {
      "name": "TIER S+ — Elite Winners",
      "description": "91+ • Franchise legends",
      "scoreRange": [91, 100]
    },
    "S": {
      "name": "TIER S — Championship Caliber",
      "description": "81-88 • Top-tier threats",
      "scoreRange": [81, 90]
    },
    "A": {
      "name": "TIER A — Elite Threats",
      "description": "72-79 • Deep runs",
      "scoreRange": [72, 80]
    },
    "B": {
      "name": "TIER B — Above Average",
      "description": "61-70 • Solid gameplay",
      "scoreRange": [61, 71]
    },
    "C": {
      "name": "TIER C — Average",
      "description": "51-60 • Mid-game players",
      "scoreRange": [51, 60]
    },
    "D": {
      "name": "TIER D — Below Average",
      "description": "36-50 • Early exits",
      "scoreRange": [36, 50]
    }
  },
  "rankings": [
    {
      "playerId": "alejandro",
      "tier": "S+",
      "score": 95,
      "rank": 1,
      "title": "The Strategist",
      "emoji": "👑",
      "reasoning": "THREE finals appearances (unprecedented in franchise). Season 4 WINNER (7-6-1 closest finale ever). Most challenge wins in franchise history (13 total across 3 seasons). Fire-making champion (defeated Gwen at F4). Runner-up twice (S1: 4-5, S2: 1-5-1) before finally winning. Strategic ranking #1 overall franchise.",
      "strengths": ["Strategic dominance", "Challenge prowess", "Clutch performances", "Alliance control"],
      "weaknesses": ["Emotional meltdowns", "Jury management", "Overplaying at times"],
      "avgPlacement": 1.7,
      "winRate": 33,
      "seasons": [1, 2, 4],
      "placements": [2, 2, 1],
      "challengeWins": 13,
      "votesAgainst": 25,
      "juryVotes": 12,
      "idolsFound": 0,
      "status": "Did not compete in S3 or S5"
    },
    {
      "playerId": "mickey",
      "tier": "S+",
      "score": 92,
      "rank": 2,
      "title": "The Quiet Threat",
      "emoji": "🐭",
      "reasoning": "Season 5 WINNER with PERFECT GAME (zero votes all season). Won tiebreak 4-3-2 with Ryan casting deciding vote. Elite threat management - never targeted despite strong position. Lulu duo with Dave into merge axis with Ryan. Found auction idol (held for confidence). Most consistent player across seasons.",
      "strengths": ["Perfect social game", "Threat management", "Loyalty building", "Under-the-radar play"],
      "weaknesses": ["Limited physical game", "Relied on tiebreaker"],
      "avgPlacement": 1.0,
      "winRate": 100,
      "seasons": [5],
      "placements": [1],
      "challengeWins": 2,
      "votesAgainst": 0,
      "juryVotes": 4,
      "idolsFound": 1,
      "status": "Did not compete in S1-S4",
      "awards": ["Winner", "Best Social Game", "Iron Person", "Quietest Threat"]
    },
    {
      "playerId": "lindsay",
      "tier": "S+",
      "score": 91,
      "rank": 3,
      "title": "The Social Queen",
      "emoji": "💄",
      "reasoning": "Season 1 WINNER (5-4 over Alejandro). Most consistent player across seasons. Survived to Day 39 in BOTH appearances (1st S1, 3rd S2). Elite social protection (only 2 votes in 2 full seasons). Central to multiple alliances without burning bridges. One of cleanest games in franchise history.",
      "strengths": ["Social mastery", "Consistency", "Non-threatening", "Finals expertise"],
      "weaknesses": ["Challenge weakness", "Limited strategic visibility"],
      "avgPlacement": 1.5,
      "winRate": 50,
      "seasons": [1, 2],
      "placements": [1, 3],
      "challengeWins": 2,
      "votesAgainst": 2,
      "juryVotes": 5,
      "idolsFound": 0,
      "status": "Did not compete in S3-S5"
    },
    {
      "playerId": "sky",
      "tier": "S",
      "score": 88,
      "rank": 4,
      "title": "The Olympian",
      "emoji": "🤸",
      "reasoning": "Season 5 FINALIST (2nd place). MOST DOMINANT COMPETITOR S5 with 4 challenge wins (3 immunity, 1 reward). Controlled endgame (F6-F4 immunities). TWO PERFECT IDOL PLAYS: F6 saved Sugar forcing Dave boot, F5 saved herself. Lost tiebreak 3-3 to Mickey.",
      "strengths": ["Challenge dominance", "Perfect idol plays", "Endgame control"],
      "weaknesses": ["Loyalty issues", "Lost tiebreaker"],
      "avgPlacement": 2.0,
      "winRate": 0,
      "seasons": [5],
      "placements": [2],
      "challengeWins": 4,
      "votesAgainst": 1,
      "juryVotes": 3,
      "idolsFound": 2,
      "status": "Did not compete in S1-S4",
      "awards": ["Best Challenge Performer", "Season MVP", "Perfect Idol Play"]
    },
    {
      "playerId": "zoey",
      "tier": "S",
      "score": 87,
      "rank": 5,
      "title": "The Loyalist",
      "emoji": "💖",
      "reasoning": "Season 4 FINALIST (2nd place, lost 6-7 by ONE vote). UNPRECEDENTED 3 unbreakable bonds simultaneously (S4). Only 4 votes against across career. 8 total challenge wins. Most socially connected player in franchise history. Closest runner-up ever.",
      "strengths": ["Loyalty building", "Challenge wins", "Social bonds"],
      "weaknesses": ["Jury management", "One vote short"],
      "avgPlacement": 3.0,
      "winRate": 0,
      "seasons": [3, 4],
      "placements": [4, 2],
      "challengeWins": 8,
      "votesAgainst": 4,
      "juryVotes": 6,
      "idolsFound": 0,
      "status": "Did not compete in S1, S2, or S5"
    },
    {
      "playerId": "scott",
      "tier": "S",
      "score": 86,
      "rank": 6,
      "title": "The Mastermind",
      "emoji": "🚜",
      "reasoning": "TWO finals appearances (2nd S3, 3rd S4). PERFECT IDOL PLAY S4: held for 9 tribals (franchise record), played at F5 cancelling 3 votes. Most patient idol holder in history. 6 challenge wins all in S3. Strategic rank #2 in franchise. Unbreakable bond with Zoey protected him both seasons.",
      "strengths": ["Strategic patience", "Idol timing", "Finals experience"],
      "weaknesses": ["Never won", "Jury perception"],
      "avgPlacement": 2.5,
      "winRate": 0,
      "seasons": [3, 4],
      "placements": [2, 3],
      "challengeWins": 6,
      "votesAgainst": 4,
      "juryVotes": 0,
      "idolsFound": 1,
      "status": "Did not compete in S1, S2, or S5"
    },
    {
      "playerId": "emma",
      "tier": "S",
      "score": 84,
      "rank": 7,
      "title": "The Iron Person",
      "emoji": "📋",
      "reasoning": "Season 3 WINNER (4-3-1 tiebreaker). PERFECT GAME S3 (0 votes until F4). Strategic rank #2 in S3. Winner-level upside with near-perfect voting record. WINNERS CURSE: 1st S3 → 17th S4. Even with rough follow-up, peak game is absolutely S-tier.",
      "strengths": ["Perfect game S3", "Strategic control", "Challenge wins"],
      "weaknesses": ["Winners curse", "Early S4 target"],
      "avgPlacement": 9.0,
      "winRate": 50,
      "seasons": [3, 4],
      "placements": [1, 17],
      "challengeWins": 4,
      "votesAgainst": 5,
      "juryVotes": 4,
      "idolsFound": 0,
      "status": "Did not compete in S1, S2, or S5"
    },
    {
      "playerId": "duncan",
      "tier": "S",
      "score": 83,
      "rank": 8,
      "title": "The Survivor",
      "emoji": "⚔️",
      "reasoning": "Season 2 WINNER (dominant 5-1-1 victory). Proved 'survival under pressure' wins games. Survived constant targeting and earned jury respect. Previous winners curse S4 (eliminated Episode 12). Unbreakable bond with Gwen S4 - power couple.",
      "strengths": ["S2 dominance", "Jury respect", "Survival skills"],
      "weaknesses": ["Winners curse", "High variance"],
      "avgPlacement": 10.3,
      "winRate": 33,
      "seasons": [1, 2, 4],
      "placements": [14, 1, 7],
      "challengeWins": 2,
      "votesAgainst": 17,
      "juryVotes": 6,
      "idolsFound": 0,
      "status": "Did not compete in S3 or S5"
    },
    {
      "playerId": "scarlett",
      "tier": "A",
      "score": 78,
      "rank": 12,
      "title": "The Puppetmaster",
      "emoji": "🧪",
      "reasoning": "Season 5's top strategist with real win equity. BEST STRATEGIC PLAYER S5. Reached F4, eliminated at fire-making. 2 immunity wins. Controlled key votes. High impact per season played - exactly what an elite threat looks like. Major meltdown at F4 hurt fire-making.",
      "strengths": ["#1 strategic rank S5", "F4 finish", "2 immunity wins", "Strategic mastery"],
      "weaknesses": ["Fire-making loss", "F4 meltdown", "Single season"],
      "avgPlacement": 4.0,
      "winRate": 0,
      "seasons": [5],
      "placements": [4],
      "challengeWins": 2,
      "votesAgainst": 2,
      "juryVotes": 0,
      "idolsFound": 0,
      "status": "Did not compete in S1-S4"
    },
    {
      "playerId": "ryan",
      "tier": "S",
      "score": 81,
      "rank": 10,
      "title": "The Kingmaker",
      "emoji": "💪🏾",
      "reasoning": "Season 5 3rd place. Massive social capital (FAN FAVORITE winner). Won fire-making. CAST DECIDING TIEBREAK VOTE (chose Mickey over Sky). Converts loyalty and relationships into power - elite endgame influence for one-season player. Unbreakable bond with Mickey proved in final vote.",
      "strengths": ["Fan Favorite", "Fire-making champion", "Kingmaker decision", "Unbreakable loyalty"],
      "weaknesses": ["3rd place finish", "7 votes against", "Strategic limitations"],
      "avgPlacement": 3.0,
      "winRate": 0,
      "seasons": [5],
      "placements": [3],
      "challengeWins": 1,
      "votesAgainst": 7,
      "juryVotes": 2,
      "idolsFound": 0,
      "status": "Did not compete in S1-S4",
      "awards": ["Fan Favorite", "Most Loyal Player", "Fire-Making Champion"]
    },
    {
      "playerId": "gwen",
      "tier": "A",
      "score": 79,
      "rank": 11,
      "title": "The Loner",
      "emoji": "🐈‍⬛",
      "reasoning": "FRANCHISE RECORD: 4 consecutive immunity wins (S4 Episodes 11-14). Massive improvement arc: 16th S1 → 8th S2 → 4th S4. Fire-making loss to Alejandro at F4. 5 total challenge wins. Unbreakable bond with Duncan S4 (power couple).",
      "strengths": ["4 consecutive immunities (record)", "Major improvement arc", "Challenge beast", "Clutch performance"],
      "weaknesses": ["Fire-making loss", "26 votes against", "Never won"],
      "avgPlacement": 9.3,
      "winRate": 0,
      "seasons": [1, 2, 4],
      "placements": [16, 8, 4],
      "challengeWins": 5,
      "votesAgainst": 26,
      "juryVotes": 0,
      "idolsFound": 0,
      "status": "Did not compete in S3 or S5"
    },
    {
      "playerId": "cameron",
      "tier": "S",
      "score": 82,
      "rank": 9,
      "title": "The Analyst",
      "emoji": "🧠",
      "reasoning": "TWO deep runs (3rd S3, 5th S4). Cast deciding tiebreaker vote for Emma S3 (4-3-1). BRUTAL MOVE: Voted out unbreakable Anne Maria S3. Perfect idol play S3. Strategic ranking #3 franchise. 6 challenge wins total.",
      "strengths": ["Two deep runs", "Perfect idol play", "Strategic rank #3", "Kingmaker S3"],
      "weaknesses": ["Never won", "Betrayal reputation", "Physical weakness"],
      "avgPlacement": 4.0,
      "winRate": 0,
      "seasons": [3, 4],
      "placements": [3, 5],
      "challengeWins": 6,
      "votesAgainst": 7,
      "juryVotes": 1,
      "idolsFound": 1,
      "status": "Did not compete in S1, S2, or S5"
    },
    {
      "playerId": "blaineley",
      "tier": "A",
      "score": 76,
      "rank": 13,
      "title": "The Spotlight Sniper",
      "emoji": "🤩",
      "reasoning": "MOST CHAOTIC PLAYER Season 5. 8th place. Weaponized chaos - survived repeatedly from bottom. Reba Beware converted to idol. Inheritance advantage. Strategic rank #2 S5. Eliminated 3-2-1 at F8.",
      "strengths": ["Weaponized chaos", "Advantage master", "Survival skills", "Strategic rank #2 S5"],
      "weaknesses": ["8 votes against", "Chaotic reputation", "Pre-jury"],
      "avgPlacement": 8.0,
      "winRate": 0,
      "seasons": [5],
      "placements": [8],
      "challengeWins": 0,
      "votesAgainst": 8,
      "juryVotes": 0,
      "idolsFound": 1,
      "status": "Did not compete in S1-S4",
      "awards": ["Most Chaotic Player"]
    },
    {
      "playerId": "ezekiel",
      "tier": "A",
      "score": 75,
      "rank": 14,
      "title": "The Homeschooled",
      "emoji": "💣",
      "reasoning": "MOST IDOLS FOUND IN FRANCHISE: 3 (franchise record). Most idol-aware player. LEGENDARY PLAY: saved Alejandro with idol S2. Deep runs (4th S1, 6th S2). Feud specialist with DJ. Tiebreaker vote caster S1.",
      "strengths": ["3 idols found (record)", "Legendary save play", "Game awareness", "Deep runs"],
      "weaknesses": ["Strategic inconsistency", "Feud maker", "Chaotic"],
      "avgPlacement": 5.0,
      "winRate": 0,
      "seasons": [1, 2],
      "placements": [4, 6],
      "challengeWins": 0,
      "votesAgainst": 0,
      "juryVotes": 0,
      "idolsFound": 3,
      "status": "Did not compete in S3-S5"
    },
    {
      "playerId": "bridgette",
      "tier": "A",
      "score": 74,
      "rank": 15,
      "title": "The Surfer",
      "emoji": "🌊",
      "reasoning": "Physical force Season 1 with 5 challenge wins (4 immunity, 1 reward). F3 finish S1. Tiebreaker juror. Strong early-merge player but declined to 14th S2. Elite athletic ability.",
      "strengths": ["5 challenge wins S1", "F3 finish", "Physical dominance", "Tiebreaker juror"],
      "weaknesses": ["S2 decline (14th)", "Strategic limitations", "24 votes against total"],
      "avgPlacement": 8.5,
      "winRate": 0,
      "seasons": [1, 2],
      "placements": [3, 14],
      "challengeWins": 5,
      "votesAgainst": 24,
      "juryVotes": 1,
      "idolsFound": 0,
      "status": "Did not compete in S3-S5"
    },
    {
      "playerId": "beth",
      "tier": "A",
      "score": 73,
      "rank": 16,
      "title": "The Underdog",
      "emoji": "🐖",
      "reasoning": "MASSIVE improvement S1 → S2 (5th S1, 4th S2). Perfect idol play S2. 26 votes against total (22 in S1 alone). Most loyal player S2. Cast only Lindsay jury vote.",
      "strengths": ["Major improvement arc", "Perfect idol play S2", "Loyalty", "Jury maker"],
      "weaknesses": ["22 votes S1", "Strategic blind spots", "Easily influenced"],
      "avgPlacement": 4.5,
      "winRate": 0,
      "seasons": [1, 2],
      "placements": [5, 4],
      "challengeWins": 0,
      "votesAgainst": 26,
      "juryVotes": 0,
      "idolsFound": 1,
      "status": "Did not compete in S3-S5"
    },
    {
      "playerId": "heather",
      "tier": "A",
      "score": 72,
      "rank": 17,
      "title": "The Villain",
      "emoji": "👿",
      "reasoning": "THREE seasons (8th S1, 9th S2, 15th S4). Dangerous strategist S1-S2. Found 2 idols S1. Strategic ranking #2 franchise. S4 decline (couldn't adapt). Elite strategic mind but high threat level.",
      "strengths": ["Three seasons", "Strategic rank #2", "2 idols found S1", "Villain archetype"],
      "weaknesses": ["Decline S4 (15th)", "High threat", "Never won", "27 votes total"],
      "avgPlacement": 10.7,
      "winRate": 0,
      "seasons": [1, 2, 4],
      "placements": [8, 9, 15],
      "challengeWins": 0,
      "votesAgainst": 27,
      "juryVotes": 0,
      "idolsFound": 2,
      "status": "Did not compete in S3 or S5"
    },
    {
      "playerId": "trent",
      "tier": "B",
      "score": 70,
      "rank": 18,
      "title": "The Musician",
      "emoji": "🎸",
      "reasoning": "Consistent mid-merge threat (6th S1, 7th S2). 4 total challenge wins. Balanced gameplay. Unbreakable bond partner. Alejandro's target S2 (meltdown victim).",
      "strengths": ["Consistency", "4 challenge wins", "Balanced game", "Social bonds"],
      "weaknesses": ["Never reached finale", "Meltdown victim S2", "Strategic passivity"],
      "avgPlacement": 6.5,
      "winRate": 0,
      "seasons": [1, 2],
      "placements": [6, 7],
      "challengeWins": 4,
      "votesAgainst": 0,
      "juryVotes": 0,
      "idolsFound": 0,
      "status": "Did not compete in S3-S5"
    },
    {
      "playerId": "dave",
      "tier": "B",
      "score": 70,
      "rank": 19,
      "title": "The Anxious Planner",
      "emoji": "😔",
      "reasoning": "MOST TRAGIC EXIT Season 5. 6th place. Had win equity but eliminated at F6 only because Sky's idol saved Sugar. Lulu duo with Mickey. Season-long extreme hatred with Sugar. 2 challenge wins.",
      "strengths": ["Win equity", "Lulu duo", "2 challenge wins", "Strategic position"],
      "weaknesses": ["Idol casualty", "Sugar feud", "Tragic exit"],
      "avgPlacement": 6.0,
      "winRate": 0,
      "seasons": [5],
      "placements": [6],
      "challengeWins": 2,
      "votesAgainst": 5,
      "juryVotes": 0,
      "idolsFound": 0,
      "status": "Did not compete in S1-S4",
      "awards": ["Most Tragic Exit"]
    },
    {
      "playerId": "geoff",
      "tier": "B",
      "score": 69,
      "rank": 20,
      "title": "The Party Guy",
      "emoji": "🎉",
      "reasoning": "HUGE improvement: 20th S1 → 6th S4 (14 places). FRANCHISE RECORD 42 total votes against. Edge of Extinction return winner Episode 13 (re-eliminated same episode). Ultimate resilience.",
      "strengths": ["14-place improvement", "EoE return", "Resilience", "42 votes survived"],
      "weaknesses": ["42 votes against (record)", "Constant target", "Strategic game"],
      "avgPlacement": 13.0,
      "winRate": 0,
      "seasons": [1, 4],
      "placements": [20, 6],
      "challengeWins": 0,
      "votesAgainst": 42,
      "juryVotes": 0,
      "idolsFound": 0,
      "status": "Did not compete in S2, S3, or S5"
    },
    {
      "playerId": "mike",
      "tier": "B",
      "score": 68,
      "rank": 21,
      "title": "The Actor",
      "emoji": "🎭",
      "reasoning": "Multiple unbreakable bonds specialist (6th S3, 12th S4). Victim of Sierra's perfect idol play S4. Strong social player with solid gameplay.",
      "strengths": ["Unbreakable bonds", "Social game", "Merge maker", "Likeable"],
      "weaknesses": ["Strategic depth", "Idol victim S4", "Inconsistency"],
      "avgPlacement": 9.0,
      "winRate": 0,
      "seasons": [3, 4],
      "placements": [6, 12],
      "challengeWins": 0,
      "votesAgainst": 0,
      "juryVotes": 0,
      "idolsFound": 0,
      "status": "Did not compete in S1, S2, or S5"
    },
    {
      "playerId": "noah",
      "tier": "B",
      "score": 68,
      "rank": 22,
      "title": "The Cynic",
      "emoji": "📚",
      "reasoning": "Improvement 15th S1 → 9th S4. Triple idol tribal S4. Found Yellow Tribe idol S4. Unbreakable bond with Alejandro S4. Strong strategic mind.",
      "strengths": ["Strategic analysis", "Idol finder", "Unbreakable bond", "Social reads"],
      "weaknesses": ["Physical game", "Limited execution", "Never reached jury"],
      "avgPlacement": 12.0,
      "winRate": 0,
      "seasons": [1, 4],
      "placements": [15, 9],
      "challengeWins": 0,
      "votesAgainst": 0,
      "juryVotes": 0,
      "idolsFound": 1,
      "status": "Did not compete in S2, S3, or S5"
    },
    {
      "playerId": "sierra",
      "tier": "B",
      "score": 68,
      "rank": 23,
      "title": "The Superfan",
      "emoji": "🌟",
      "reasoning": "PERFECT IDOL PLAY S4 Episode 7 (10 votes cancelled - franchise record). Found 2 idols. Strong strategic awareness. 10th S1, 11th S4. 39 total votes against.",
      "strengths": ["Perfect idol play (10 votes)", "Game knowledge", "Strategic awareness", "2 idols found"],
      "weaknesses": ["39 votes against", "Never reached jury", "Overplayed"],
      "avgPlacement": 10.5,
      "winRate": 0,
      "seasons": [1, 4],
      "placements": [10, 11],
      "challengeWins": 0,
      "votesAgainst": 39,
      "juryVotes": 0,
      "idolsFound": 2,
      "status": "Did not compete in S2, S3, or S5"
    },
    {
      "playerId": "harold",
      "tier": "B",
      "score": 66,
      "rank": 24,
      "title": "The Nerd",
      "emoji": "🤓",
      "reasoning": "MASSIVE improvement: 17th S1 → 8th S4 (9 places). 3 challenge wins S4. Extra vote advantage S4 Episode 3. Solid strategic and physical game S4.",
      "strengths": ["9-place improvement", "3 challenge wins S4", "Advantage user", "Intelligence"],
      "weaknesses": ["Early boot S1", "Limited execution", "Social awkwardness"],
      "avgPlacement": 12.5,
      "winRate": 0,
      "seasons": [1, 4],
      "placements": [17, 8],
      "challengeWins": 3,
      "votesAgainst": 0,
      "juryVotes": 0,
      "idolsFound": 0,
      "status": "Did not compete in S2, S3, or S5"
    },
    {
      "playerId": "dj",
      "tier": "B",
      "score": 65,
      "rank": 25,
      "title": "The Big Guy",
      "emoji": "☁️",
      "reasoning": "HUGE leap: 22nd S1 → 5th S2 (17 places). Kind personality despite physical presence. Made jury S2. Feud with Ezekiel.",
      "strengths": ["17-place improvement", "Kindness", "Jury maker", "Physical presence"],
      "weaknesses": ["Early boot S1", "Feud participation", "Strategic limitations"],
      "avgPlacement": 11.5,
      "winRate": 0,
      "seasons": [1, 2],
      "placements": [22, 5],
      "challengeWins": 0,
      "votesAgainst": 0,
      "juryVotes": 0,
      "idolsFound": 0,
      "status": "Did not compete in S3-S5"
    },
    {
      "playerId": "courtney",
      "tier": "B",
      "score": 64,
      "rank": 26,
      "title": "The CIT",
      "emoji": "⚖️",
      "reasoning": "THREE seasons (9th S1, 11th S2, 14th S4). Perfect idol play S2. Strategic mind with volatile social game. 32 votes against total. High threat level but resilient.",
      "strengths": ["Three seasons", "Perfect idol play S2", "Strategic mind", "Fighter mentality"],
      "weaknesses": ["Volatile social game", "32 votes against", "Never reached finale"],
      "avgPlacement": 11.3,
      "winRate": 0,
      "seasons": [1, 2, 4],
      "placements": [9, 11, 14],
      "challengeWins": 0,
      "votesAgainst": 32,
      "juryVotes": 0,
      "idolsFound": 1,
      "status": "Did not compete in S3 or S5"
    },
    {
      "playerId": "jo",
      "tier": "B",
      "score": 64,
      "rank": 27,
      "title": "The Evil Jock",
      "emoji": "🏃",
      "reasoning": "FAN FAVORITE Season 4. 7th S3, 10th S4. FRANCHISE RECORD: 4 extreme hatreds S3. Competitive spirit. 17 total votes against.",
      "strengths": ["Fan Favorite S4", "Competitive drive", "Athletic ability", "Memorable"],
      "weaknesses": ["4 extreme hatreds S3", "Abrasive", "Never reached jury"],
      "avgPlacement": 8.5,
      "winRate": 0,
      "seasons": [3, 4],
      "placements": [7, 10],
      "challengeWins": 0,
      "votesAgainst": 17,
      "juryVotes": 0,
      "idolsFound": 0,
      "status": "Did not compete in S1, S2, or S5"
    },
    {
      "playerId": "owen",
      "tier": "B",
      "score": 63,
      "rank": 28,
      "title": "The Heart",
      "emoji": "🍔",
      "reasoning": "Strong social bonds (7th S1 medevac, 12th S2). Victim of Courtney's perfect idol play S2. Loveable personality. Fan favorite.",
      "strengths": ["Social bonds", "Likeability", "Fan favorite", "Heart"],
      "weaknesses": ["Medevac S1", "Idol victim S2", "Strategic game"],
      "avgPlacement": 9.5,
      "winRate": 0,
      "seasons": [1, 2],
      "placements": [7, 12],
      "challengeWins": 0,
      "votesAgainst": 0,
      "juryVotes": 0,
      "idolsFound": 0,
      "status": "Did not compete in S3-S5"
    },
    {
      "playerId": "sugar",
      "tier": "B",
      "score": 62,
      "rank": 29,
      "title": "The Pageant Menace",
      "emoji": "🍭",
      "reasoning": "MOST VOTES AGAINST Season 5 (10 votes). Reached F5 despite constant targeting. Saved by Sky's idol at F6. Season-long feud with Dave.",
      "strengths": ["Survived 10 votes", "Resilience", "F5 finish", "Entertainment"],
      "weaknesses": ["Constant target", "Dave feud", "Strategic game"],
      "avgPlacement": 5.0,
      "winRate": 0,
      "seasons": [5],
      "placements": [5],
      "challengeWins": 0,
      "votesAgainst": 10,
      "juryVotes": 0,
      "idolsFound": 0,
      "status": "Did not compete in S1-S4",
      "awards": ["Most Votes Against (S5)"]
    },
    {
      "playerId": "justin",
      "tier": "B",
      "score": 61,
      "rank": 30,
      "title": "The Model",
      "emoji": "💎",
      "reasoning": "MASSIVE improvement: First boot S1 (24th) → First juror S2 (10th). Fan Favorite S1 despite first boot. Found idol S1 but didn't play it.",
      "strengths": ["First boot to juror", "Idol finder", "Fan favorite S1", "Potential"],
      "weaknesses": ["Didn't play idol S1", "Limited gameplay", "First boot S1"],
      "avgPlacement": 17.0,
      "winRate": 0,
      "seasons": [1, 2],
      "placements": [24, 10],
      "challengeWins": 0,
      "votesAgainst": 0,
      "juryVotes": 0,
      "idolsFound": 1,
      "status": "Did not compete in S3-S5"
    },
    {
      "playerId": "anne-maria",
      "tier": "C",
      "score": 60,
      "rank": 31,
      "title": "The Diva",
      "emoji": "💅",
      "reasoning": "Season 3: 5th place, MOST VOTES AGAINST (15). Unbreakable bond with Cameron (who betrayed her). Survived to F5 despite constant targeting.",
      "strengths": ["Survived 15 votes", "Made jury", "Resilience", "Social bonds"],
      "weaknesses": ["Betrayed by Cameron", "High threat", "Strategic game"],
      "avgPlacement": 5.0,
      "winRate": 0,
      "seasons": [3],
      "placements": [5],
      "challengeWins": 0,
      "votesAgainst": 15,
      "juryVotes": 0,
      "idolsFound": 0,
      "status": "Did not compete in S1, S2, S4, or S5"
    },
    {
      "playerId": "amy",
      "tier": "C",
      "score": 60,
      "rank": 32,
      "title": "The Mean Twin",
      "emoji": "🖤",
      "reasoning": "Season 5: 7th place, first juror. Eliminated 2-2-1 at F7. Made jury. 3 votes against.",
      "strengths": ["Jury maker", "Strategic attempt", "Boldness", "Merge maker"],
      "weaknesses": ["Limited execution", "Social game", "Twin dynamics"],
      "avgPlacement": 7.0,
      "winRate": 0,
      "seasons": [5],
      "placements": [7],
      "challengeWins": 0,
      "votesAgainst": 3,
      "juryVotes": 0,
      "idolsFound": 0,
      "status": "Did not compete in S1-S4"
    },
    {
      "playerId": "brick",
      "tier": "C",
      "score": 58,
      "rank": 33,
      "title": "The Soldier",
      "emoji": "🎖️",
      "reasoning": "Season 3: 9th place. 1 immunity win. Unbreakable bonds with Dwayne/Mike. Solid mid-merge player.",
      "strengths": ["Unbreakable bonds", "Honor", "Loyalty", "1 challenge win"],
      "weaknesses": ["Rigid thinking", "Strategic flexibility", "Pre-jury"],
      "avgPlacement": 9.0,
      "winRate": 0,
      "seasons": [3],
      "placements": [9],
      "challengeWins": 1,
      "votesAgainst": 0,
      "juryVotes": 0,
      "idolsFound": 0,
      "status": "Did not compete in S1, S2, S4, or S5"
    },
    {
      "playerId": "leshawna",
      "tier": "C",
      "score": 58,
      "rank": 34,
      "title": "The Sister",
      "emoji": "💁",
      "reasoning": "Consistent mid-game elimination (11th S1, 13th S2). Never reached jury. Strong personality.",
      "strengths": ["Honesty", "Personality", "Social awareness", "Strength"],
      "weaknesses": ["Never reached jury", "Bluntness", "Strategic game"],
      "avgPlacement": 12.0,
      "winRate": 0,
      "seasons": [1, 2],
      "placements": [11, 13],
      "challengeWins": 0,
      "votesAgainst": 0,
      "juryVotes": 0,
      "idolsFound": 0,
      "status": "Did not compete in S3-S5"
    },
    {
      "playerId": "shawn",
      "tier": "C",
      "score": 58,
      "rank": 35,
      "title": "The Apocalypse Prepper",
      "emoji": "🏕️",
      "reasoning": "Season 5: 9th place. Found Belo Beware idol (used on Topher). Amulet trio holder. Eliminated 5-2 at F9.",
      "strengths": ["Idol play", "Amulet holder", "Strategic awareness", "Survival skills"],
      "weaknesses": ["Pre-jury", "Strategic execution", "Challenge game"],
      "avgPlacement": 9.0,
      "winRate": 0,
      "seasons": [5],
      "placements": [9],
      "challengeWins": 0,
      "votesAgainst": 6,
      "juryVotes": 0,
      "idolsFound": 1,
      "status": "Did not compete in S1-S4"
    },
    {
      "playerId": "dwayne",
      "tier": "C",
      "score": 56,
      "rank": 36,
      "title": "The Dad",
      "emoji": "👨",
      "reasoning": "Season 3: 10th place, first juror. Strong social game. Blindsided at merge.",
      "strengths": ["First juror", "Social game", "Family bonds", "Heart"],
      "weaknesses": ["Blindside victim", "Strategic game", "Physical limitations"],
      "avgPlacement": 10.0,
      "winRate": 0,
      "seasons": [3],
      "placements": [10],
      "challengeWins": 0,
      "votesAgainst": 0,
      "juryVotes": 0,
      "idolsFound": 0,
      "status": "Did not compete in S1, S2, S4, or S5"
    },
    {
      "playerId": "max",
      "tier": "C",
      "score": 56,
      "rank": 37,
      "title": "The Wannabe Evil",
      "emoji": "🦹",
      "reasoning": "Season 5: 10th place, first juror. Safety Without Power advantage. 5 votes against.",
      "strengths": ["First juror", "Advantage user", "Strategic attempt", "Entertainment"],
      "weaknesses": ["Execution", "Physical game", "Strategic ability"],
      "avgPlacement": 10.0,
      "winRate": 0,
      "seasons": [5],
      "placements": [10],
      "challengeWins": 0,
      "votesAgainst": 5,
      "juryVotes": 0,
      "idolsFound": 0,
      "status": "Did not compete in S1-S4"
    },
    {
      "playerId": "katie",
      "tier": "C",
      "score": 55,
      "rank": 38,
      "title": "The BFF",
      "emoji": "👯",
      "reasoning": "Season 1: 12th place. Found idol Episode 2. MAPLV duo with Sadie. First merge boot.",
      "strengths": ["Idol finder", "Merge maker", "Partnership", "Social bonds"],
      "weaknesses": ["First merge boot", "Dependent gameplay", "Strategic depth"],
      "avgPlacement": 12.0,
      "winRate": 0,
      "seasons": [1],
      "placements": [12],
      "challengeWins": 0,
      "votesAgainst": 0,
      "juryVotes": 0,
      "idolsFound": 1,
      "status": "Did not compete in S2-S5"
    },
    {
      "playerId": "sadie",
      "tier": "C",
      "score": 54,
      "rank": 39,
      "title": "The BFF",
      "emoji": "👯",
      "reasoning": "Season 1: 13th place. ROCK DRAW victim. Never voted out by tribe. Most brutal exit S1.",
      "strengths": ["Never voted", "Loyalty", "Partnership", "Tragic exit"],
      "weaknesses": ["Rock draw victim", "Dependent gameplay", "Strategic depth"],
      "avgPlacement": 13.0,
      "winRate": 0,
      "seasons": [1],
      "placements": [13],
      "challengeWins": 0,
      "votesAgainst": 0,
      "juryVotes": 0,
      "idolsFound": 0,
      "status": "Did not compete in S2-S5",
      "awards": ["Most Brutal Exit (S1)"]
    },
    {
      "playerId": "topher",
      "tier": "C",
      "score": 54,
      "rank": 40,
      "title": "The Wannabe Host",
      "emoji": "🎤",
      "reasoning": "Season 5: 11th place. Amulet trio holder. Saved by Shawn's idol. Merge boot 5-1.",
      "strengths": ["Amulet holder", "Idol save", "Merge maker", "Entertainment"],
      "weaknesses": ["Merge boot", "Trust", "Execution"],
      "avgPlacement": 11.0,
      "winRate": 0,
      "seasons": [5],
      "placements": [11],
      "challengeWins": 0,
      "votesAgainst": 5,
      "juryVotes": 0,
      "idolsFound": 0,
      "status": "Did not compete in S1-S4"
    },
    {
      "playerId": "lightning",
      "tier": "C",
      "score": 52,
      "rank": 41,
      "title": "The Athlete",
      "emoji": "⚡",
      "reasoning": "11th S3, 13th S4. Found 2 idols. WORST IDOL PLAY EVER S3 (wasted on Emma - 0 votes).",
      "strengths": ["Athletic ability", "2 idols found", "Physical dominance", "Confidence"],
      "weaknesses": ["Worst idol play ever", "Strategic game", "Ego"],
      "avgPlacement": 12.0,
      "winRate": 0,
      "seasons": [3, 4],
      "placements": [11, 13],
      "challengeWins": 0,
      "votesAgainst": 0,
      "juryVotes": 0,
      "idolsFound": 2,
      "status": "Did not compete in S1, S2, or S5"
    },
    {
      "playerId": "rodney",
      "tier": "C",
      "score": 52,
      "rank": 42,
      "title": "The Hopeless Romantic",
      "emoji": "🤠",
      "reasoning": "Season 5: 12th place. Knowledge Is Power advantage (stole Josee's idol). Pre-jury 3-1.",
      "strengths": ["KIP advantage", "Advantage master", "Heart", "Loyalty"],
      "weaknesses": ["Pre-jury", "Social game", "Strategic depth"],
      "avgPlacement": 12.0,
      "winRate": 0,
      "seasons": [5],
      "placements": [12],
      "challengeWins": 0,
      "votesAgainst": 9,
      "juryVotes": 0,
      "idolsFound": 0,
      "status": "Did not compete in S1-S4"
    },
    {
      "playerId": "josee",
      "tier": "C",
      "score": 51,
      "rank": 43,
      "title": "The Ice Queen",
      "emoji": "❄️",
      "reasoning": "Season 5: 13th place. MOST UNLUCKY S5 - found Lulu Beware idol but stolen by Knowledge Is Power.",
      "strengths": ["Idol finder", "Strategic attempt", "Competitiveness", "Athletic"],
      "weaknesses": ["KIP victim", "Most unlucky", "Social game"],
      "avgPlacement": 13.0,
      "winRate": 0,
      "seasons": [5],
      "placements": [13],
      "challengeWins": 0,
      "votesAgainst": 5,
      "juryVotes": 0,
      "idolsFound": 1,
      "status": "Did not compete in S1-S4",
      "awards": ["Most Unlucky Player (S5)"]
    },
    {
      "playerId": "izzy",
      "tier": "D",
      "score": 50,
      "rank": 44,
      "title": "The Psycho",
      "emoji": "🤪",
      "reasoning": "Season 1: 18th place. Chaotic gameplay. Tribe swap casualty.",
      "strengths": ["Entertainment", "Chaotic energy", "Unpredictability", "Uniqueness"],
      "weaknesses": ["Strategic consistency", "Tribe swap victim", "Social game"],
      "avgPlacement": 18.0,
      "winRate": 0,
      "seasons": [1],
      "placements": [18],
      "challengeWins": 0,
      "votesAgainst": 0,
      "juryVotes": 0,
      "idolsFound": 0,
      "status": "Did not compete in S2-S5"
    },
    {
      "playerId": "jasmine",
      "tier": "D",
      "score": 49,
      "rank": 45,
      "title": "The Outback Ace",
      "emoji": "💪",
      "reasoning": "Season 5: 14th place. Pre-jury elimination 2-1. Physical presence.",
      "strengths": ["Physical game", "Presence", "Athletic ability", "Leadership"],
      "weaknesses": ["Pre-jury", "Strategic game", "Early exit"],
      "avgPlacement": 14.0,
      "winRate": 0,
      "seasons": [5],
      "placements": [14],
      "challengeWins": 0,
      "votesAgainst": 2,
      "juryVotes": 0,
      "idolsFound": 0,
      "status": "Did not compete in S1-S4"
    },
    {
      "playerId": "dawn",
      "tier": "D",
      "score": 49,
      "rank": 46,
      "title": "The Moonchild",
      "emoji": "🔮",
      "reasoning": "Season 3: 8th place. Tribe swap victim. Consensus target. 10 votes against.",
      "strengths": ["Social reads", "Intuition", "Uniqueness", "Spiritual"],
      "weaknesses": ["Swap victim", "Strategic execution", "Pre-jury"],
      "avgPlacement": 8.0,
      "winRate": 0,
      "seasons": [3],
      "placements": [8],
      "challengeWins": 0,
      "votesAgainst": 10,
      "juryVotes": 0,
      "idolsFound": 0,
      "status": "Did not compete in S1, S2, S4, or S5"
    },
    {
      "playerId": "dakota",
      "tier": "D",
      "score": 48,
      "rank": 47,
      "title": "The Fame-Monger",
      "emoji": "👑",
      "reasoning": "12th S3, 18th S4 (first boot). QUIT EDGE OF EXTINCTION S4 (only person to quit).",
      "strengths": ["Personality", "Entertainment", "Social presence", "Charisma"],
      "weaknesses": ["Quit EoE", "First boot S4", "Work ethic"],
      "avgPlacement": 15.0,
      "winRate": 0,
      "seasons": [3, 4],
      "placements": [12, 18],
      "challengeWins": 0,
      "votesAgainst": 0,
      "juryVotes": 0,
      "idolsFound": 0,
      "status": "Did not compete in S1, S2, or S5"
    },
    {
      "playerId": "cody",
      "tier": "D",
      "score": 48,
      "rank": 48,
      "title": "The Geek",
      "emoji": "😊",
      "reasoning": "Season 1: 19th place. Pre-jury. Alliance warfare casualty.",
      "strengths": ["Likeability", "Social game", "Kindness", "Heart"],
      "weaknesses": ["Alliance casualty", "Strategic depth", "Early boot"],
      "avgPlacement": 19.0,
      "winRate": 0,
      "seasons": [1],
      "placements": [19],
      "challengeWins": 0,
      "votesAgainst": 0,
      "juryVotes": 0,
      "idolsFound": 0,
      "status": "Did not compete in S2-S5"
    },
    {
      "playerId": "samey",
      "tier": "D",
      "score": 47,
      "rank": 49,
      "title": "The Underdog Twin",
      "emoji": "💙",
      "reasoning": "Season 5: 15th place. Pre-jury elimination 4-1. Amy's victim.",
      "strengths": ["Kindness", "Heart", "Underdog appeal", "Strategy attempt"],
      "weaknesses": ["Amy domination", "Early boot", "Confidence"],
      "avgPlacement": 15.0,
      "winRate": 0,
      "seasons": [5],
      "placements": [15],
      "challengeWins": 0,
      "votesAgainst": 1,
      "juryVotes": 0,
      "idolsFound": 0,
      "status": "Did not compete in S1-S4"
    },
    {
      "playerId": "beardo",
      "tier": "D",
      "score": 45,
      "rank": 50,
      "title": "The Soundboard",
      "emoji": "🎵",
      "reasoning": "Season 5: 16th place. Pre-jury elimination 2-1. Sound effects player.",
      "strengths": ["Uniqueness", "Entertainment", "Sound effects", "Creativity"],
      "weaknesses": ["Communication", "Social game", "Early boot"],
      "avgPlacement": 16.0,
      "winRate": 0,
      "seasons": [5],
      "placements": [16],
      "challengeWins": 0,
      "votesAgainst": 3,
      "juryVotes": 0,
      "idolsFound": 0,
      "status": "Did not compete in S1-S4"
    },
    {
      "playerId": "eva",
      "tier": "D",
      "score": 45,
      "rank": 51,
      "title": "The Hothead",
      "emoji": "😡",
      "reasoning": "Season 1: 21st place. Anger issues. Physical strength undone by social friction.",
      "strengths": ["Physical strength", "Intensity", "Passion", "Power"],
      "weaknesses": ["Anger management", "Social game", "Early boot"],
      "avgPlacement": 21.0,
      "winRate": 0,
      "seasons": [1],
      "placements": [21],
      "challengeWins": 0,
      "votesAgainst": 0,
      "juryVotes": 0,
      "idolsFound": 0,
      "status": "Did not compete in S2-S5"
    },
    {
      "playerId": "tyler",
      "tier": "D",
      "score": 43,
      "rank": 52,
      "title": "The Jock",
      "emoji": "⚽",
      "reasoning": "Season 1: 23rd place. Second boot. Eliminated 8-4.",
      "strengths": ["Athleticism", "Heart", "Loyalty", "Partnership"],
      "weaknesses": ["Coordination", "Strategic game", "Second boot"],
      "avgPlacement": 23.0,
      "winRate": 0,
      "seasons": [1],
      "placements": [23],
      "challengeWins": 0,
      "votesAgainst": 0,
      "juryVotes": 0,
      "idolsFound": 0,
      "status": "Did not compete in S2-S5"
    },
    {
      "playerId": "ella",
      "tier": "D",
      "score": 43,
      "rank": 53,
      "title": "The Singing Sweetheart",
      "emoji": "🎵",
      "reasoning": "Season 5: 17th place. Pre-jury elimination 2-1. Disney princess archetype.",
      "strengths": ["Kindness", "Positivity", "Social bonds", "Uniqueness"],
      "weaknesses": ["Naivety", "Strategic game", "Early exit"],
      "avgPlacement": 17.0,
      "winRate": 0,
      "seasons": [5],
      "placements": [17],
      "challengeWins": 0,
      "votesAgainst": 2,
      "juryVotes": 0,
      "idolsFound": 0,
      "status": "Did not compete in S1-S4"
    },
    {
      "playerId": "sam",
      "tier": "D",
      "score": 41,
      "rank": 54,
      "title": "The Gamer",
      "emoji": "🎮",
      "reasoning": "Season 3: 13th place. ROCK DRAW victim. NEVER VOTED FOR (0 votes). Most Unlucky Player S3.",
      "strengths": ["Never voted", "Strategic thinking", "Game knowledge", "Unlucky"],
      "weaknesses": ["Rock draw victim", "Physical game", "Execution"],
      "avgPlacement": 13.0,
      "winRate": 0,
      "seasons": [3],
      "placements": [13],
      "challengeWins": 0,
      "votesAgainst": 0,
      "juryVotes": 0,
      "idolsFound": 0,
      "status": "Did not compete in S1, S2, S4, or S5",
      "awards": ["Most Unlucky Player (S3)"]
    },
    {
      "playerId": "b",
      "tier": "D",
      "score": 40,
      "rank": 55,
      "title": "The Silent Genius",
      "emoji": "🤐",
      "reasoning": "Season 3: 14th place. Socially isolated. Unanimous target 6-1.",
      "strengths": ["Mystery", "Intelligence", "Physical skills", "Uniqueness"],
      "weaknesses": ["No communication", "Social isolation", "Unanimous target"],
      "avgPlacement": 14.0,
      "winRate": 0,
      "seasons": [3],
      "placements": [14],
      "challengeWins": 0,
      "votesAgainst": 6,
      "juryVotes": 0,
      "idolsFound": 0,
      "status": "Did not compete in S1, S2, S4, or S5"
    },
    {
      "playerId": "leonard",
      "tier": "D",
      "score": 40,
      "rank": 56,
      "title": "The LARPer",
      "emoji": "🧙",
      "reasoning": "Season 5: 18th place (FIRST BOOT). Eliminated 5-2. LARPer. Delusional gameplay.",
      "strengths": ["Entertainment", "Commitment", "Uniqueness", "Personality"],
      "weaknesses": ["Reality disconnect", "First boot", "Strategic game"],
      "avgPlacement": 18.0,
      "winRate": 0,
      "seasons": [5],
      "placements": [18],
      "challengeWins": 0,
      "votesAgainst": 5,
      "juryVotes": 0,
      "idolsFound": 0,
      "status": "Did not compete in S1-S4"
    },
    {
      "playerId": "staci",
      "tier": "D",
      "score": 38,
      "rank": 57,
      "title": "The Liar",
      "emoji": "📖",
      "reasoning": "Season 3: 15th place. Second boot. Multiple conflicts. Liar archetype.",
      "strengths": ["Storytelling", "Entertainment", "Personality", "Creativity"],
      "weaknesses": ["Lying", "Conflicts", "Second boot"],
      "avgPlacement": 15.0,
      "winRate": 0,
      "seasons": [3],
      "placements": [15],
      "challengeWins": 0,
      "votesAgainst": 0,
      "juryVotes": 0,
      "idolsFound": 0,
      "status": "Did not compete in S1, S2, S4, or S5"
    },
    {
      "playerId": "crimson",
      "tier": "D",
      "score": 36,
      "rank": 58,
      "title": "The Goth",
      "emoji": "🐦‍⬛",
      "reasoning": "Season 3: 16th place (FIRST BOOT). Voted out 7-1. Gothic archetype.",
      "strengths": ["Uniqueness", "Partnership potential", "Alternative archetype", "Commitment"],
      "weaknesses": ["First boot", "Social game", "7-1 vote"],
      "avgPlacement": 16.0,
      "winRate": 0,
      "seasons": [3],
      "placements": [16],
      "challengeWins": 0,
      "votesAgainst": 7,
      "juryVotes": 0,
      "idolsFound": 0,
      "status": "Did not compete in S1, S2, S4, or S5"
    }
  ]
}