{
  "seasonNumber": 3,
  "title": "Total Drama Revenge of the Island",
  "subtitle": "The season where loyalty was tested—and broken",
  "castSize": 16,
  "episodeCount": 13,
  "jurySize": 7,
  "winner": {
    "name": "Emma",
    "playerSlug": "emma",
    "vote": "4-3-1",
    "runnerUp": "Scott & Cameron",
    "keyStats": "0 votes until Final 4",
    "strategy": "Perfect loyalty",
    "legacy": "Iron Person - all 13 tribals"
  },
  "finalists": [
    {
      "name": "Emma",
      "playerSlug": "emma",
      "placement": 1,
      "votes": 4
    },
    {
      "name": "Scott",
      "playerSlug": "scott",
      "placement": 2,
      "votes": 3
    },
    {
      "name": "Cameron",
      "playerSlug": "cameron",
      "placement": 3,
      "votes": 1,
      "note": "Cast tiebreaker vote at FTC"
    }
  ],
  "placements": [
    {
      "placement": 1,
      "name": "Emma",
      "playerSlug": "emma",
      "phase": "Winner",
      "notes": "4 votes to win (3–3–1 tie + tiebreaker) • 4 challenge wins • 1 immunity wins • 0 votes against"
    },
    {
      "placement": 2,
      "name": "Scott",
      "playerSlug": "scott",
      "phase": "Finalist",
      "notes": "3 votes to win • 6 challenge wins • 3 immunity wins • 1 votes against"
    },
    {
      "placement": 3,
      "name": "Cameron",
      "playerSlug": "cameron",
      "phase": "Finalist",
      "notes": "1 vote to win; cast tiebreaker • 3 challenge wins • 1 immunity wins • Found idol Ep4; played Ep12 • 4 votes against"
    },
    {
      "placement": 4,
      "name": "Zoey",
      "playerSlug": "zoey",
      "phase": "Juror",
      "notes": "3–1 vote • 4 challenge wins • 2 immunity wins • 3 votes against"
    },
    {
      "placement": 5,
      "name": "Anne Maria",
      "playerSlug": "anne-maria",
      "phase": "Juror",
      "notes": "4–1* vote (idol cancelled 1) • 1 challenge wins • 15 votes against"
    },
    {
      "placement": 6,
      "name": "Mike",
      "playerSlug": "mike",
      "phase": "Juror",
      "notes": "4–2 vote • 1 challenge wins • 4 votes against"
    },
    {
      "placement": 7,
      "name": "Jo",
      "playerSlug": "jo",
      "phase": "Juror",
      "notes": "4–3 vote • 8 votes against"
    },
    {
      "placement": 8,
      "name": "Dawn",
      "playerSlug": "dawn",
      "phase": "Juror",
      "notes": "5–3 vote • 10 votes against"
    },
    {
      "placement": 9,
      "name": "Brick",
      "playerSlug": "brick",
      "phase": "Juror",
      "notes": "5–2–2 vote • 1 challenge wins • 1 immunity wins • 5 votes against"
    },
    {
      "placement": 10,
      "name": "Dwayne",
      "playerSlug": "dwayne",
      "phase": "Juror",
      "notes": "5–3–2 vote (1st juror) • 6 votes against"
    },
    {
      "placement": 11,
      "name": "Lightning",
      "playerSlug": "lightning",
      "phase": "Pre-Merge",
      "notes": "2–2 tie → 2–2 revote • Found idol Ep4; wasted on Emma • 11 votes against"
    },
    {
      "placement": 12,
      "name": "Dakota",
      "playerSlug": "dakota",
      "phase": "Pre-Merge",
      "notes": "3–1–1 vote (Fan Favorite) • 10 votes against"
    },
    {
      "placement": 13,
      "name": "Sam",
      "playerSlug": "sam",
      "phase": "Pre-Merge",
      "notes": "3–3 tie → rocks • 0 votes against"
    },
    {
      "placement": 14,
      "name": "B",
      "playerSlug": "b",
      "phase": "Pre-Merge",
      "notes": "6–1 vote • 6 votes against"
    },
    {
      "placement": 15,
      "name": "Staci",
      "playerSlug": "staci",
      "phase": "Pre-Merge",
      "notes": "6–2 vote • 6 votes against"
    },
    {
      "placement": 16,
      "name": "Crimson",
      "playerSlug": "crimson",
      "phase": "Pre-Merge",
      "notes": "7–1 vote • 7 votes against"
    }
  ],
  "awards": {
    "winner": {
      "name": "Emma",
      "playerSlug": "emma",
      "description": "Zero votes until Final 4, core alliance member, loyal player who impressed others, Iron Person - attended all 13 tribals"
    },
    "fanFavorite": {
      "name": "Dakota",
      "playerSlug": "dakota",
      "placement": 12,
      "description": "Pre-merge exit (Episode 5), won hearts despite early elimination, early alliance leader"
    },
    "bestStrategic": {
      "name": "Scott",
      "playerSlug": "scott",
      "description": "6 challenge wins (most in season), controlled Campers Alliance, built bonds with everyone, lost to Emma's cleaner hands"
    },
    "bestSocial": {
      "name": "Scott",
      "playerSlug": "scott",
      "description": "Unbreakable/strong bonds with all finalists, most connected player, social dominance from merge to end"
    },
    "bestPhysical": {
      "name": "Scott",
      "playerSlug": "scott",
      "wins": 6,
      "description": "3 immunity + 3 reward, back-to-back immunities Ep 9-10, dominated when it mattered"
    },
    "mostClutch": {
      "name": "Cameron",
      "playerSlug": "cameron",
      "description": "Idol play Ep 12 - last round to use idol, cancelled Anne Maria's vote, voted out unbreakable partner"
    },
    "mostLoyal": {
      "name": "Emma",
      "playerSlug": "emma",
      "description": "Core Campers Alliance member, strong bond with Scott, never flipped, only vote that didn't blindside ally"
    },
    "bestUnderdog": {
      "name": "Cameron",
      "playerSlug": "cameron",
      "description": "Found idol despite obstacles, survived leaving alliances, made brutal strategic move, cast deciding vote despite losing"
    },
    "biggestVillain": {
      "name": "Jo",
      "playerSlug": "jo",
      "description": "4 extreme hatreds (Cameron, Zoey, Mike, Scott) - franchise record, left alliances repeatedly, multiple meltdowns, most hated player ever"
    },
    "mostChaotic": {
      "name": "Lightning",
      "playerSlug": "lightning",
      "description": "Found idol, wasted on Emma (who received 0 votes), tied vote twice, unpredictable"
    },
    "quietestThreat": {
      "name": "Emma",
      "playerSlug": "emma",
      "description": "No votes until Final 4, always in majority, won when needed, game noticed too late"
    },
    "seasonMVP": {
      "name": "Scott",
      "playerSlug": "scott",
      "description": "Social king everywhere, challenge domination, toughest decision (Zoey), the protagonist who didn't get the ending"
    },
    "biggestMeltdown": {
      "name": "Jo",
      "playerSlug": "jo",
      "episode": "6-7",
      "description": "Two major meltdowns Ep 6, left Mutant Maggots Alliance, 4 extreme hatreds formed"
    },
    "mostTragic": {
      "name": "Sam",
      "playerSlug": "sam",
      "description": "Never received a single vote, voted correctly both times, drew odd rock after deadlock Ep 4, sometimes the game chooses for you"
    },
    "mostUnlucky": {
      "name": "Sam",
      "playerSlug": "sam",
      "description": "Rock draw - zero votes against, did everything right, only way to lose without being targeted"
    },
    "messiestFeud": {
      "players": [
        "Mike",
        "Anne Maria"
      ],
      "description": "Escalated over episodes from mild to extreme, targeted each other constantly, defined multiple votes"
    },
    "biggestBetrayal": {
      "betrayer": "Cameron",
      "betrayed": "Anne Maria",
      "episode": 12,
      "description": "Unbreakable relationship, played idol on himself, voted out closest ally - strategic brilliance, emotional devastation"
    },
    "secondBiggestBetrayal": {
      "betrayer": "Scott",
      "betrayed": "Zoey",
      "episode": 13,
      "description": "Unbreakable relationship, voted out to reach Final 3, she still voted for him at FTC"
    },
    "ironPerson": {
      "name": "Emma",
      "playerSlug": "emma",
      "description": "Attended all 13 tribal councils, never voted out, never safe by default, endurance is a strategy"
    }
  },
  "statistics": {
    "challengeWins": {
      "mostTotal": {
        "name": "Scott",
        "playerSlug": "scott",
        "wins": 6
      },
      "mostImmunity": {
        "name": "Scott",
        "playerSlug": "scott",
        "wins": 3
      },
      "mostReward": [
        {
          "name": "Emma",
          "playerSlug": "emma",
          "wins": 3
        },
        {
          "name": "Scott",
          "playerSlug": "scott",
          "wins": 3
        }
      ]
    },
    "socialGame": {
      "fewestVotes": [
        {
          "name": "Emma",
          "playerSlug": "emma",
          "votes": 0,
          "note": "Until F4"
        },
        {
          "name": "Sam",
          "playerSlug": "sam",
          "votes": 0
        }
      ],
      "mostVotes": {
        "name": "Anne Maria",
        "playerSlug": "anne-maria",
        "votes": 15
      },
      "mostJuryVotes": {
        "name": "Emma",
        "playerSlug": "emma",
        "votes": 4
      }
    },
    "strategic": {
      "idolsFound": [
        {
          "name": "Cameron",
          "playerSlug": "cameron",
          "count": 1
        },
        {
          "name": "Lightning",
          "playerSlug": "lightning",
          "count": 1
        }
      ],
      "idolsPlayedSuccessfully": [
        {
          "name": "Cameron",
          "playerSlug": "cameron",
          "count": 1
        }
      ],
      "idolsWasted": [
        {
          "name": "Lightning",
          "playerSlug": "lightning",
          "detail": "On Emma who received 0 votes"
        }
      ]
    },
    "extreme": {
      "mostExtremeHatreds": {
        "name": "Jo",
        "playerSlug": "jo",
        "count": 4,
        "note": "Franchise record"
      },
      "unbreakableBondsBroken": 2,
      "tieVotes": 2,
      "rockDraws": 1
    }
  },
  "legacy": {
    "summary": "Introduced Gen 2 with 16 new players. Emma's perfect game (0 votes until F4) won in a tiebreaker. Scott's 6 challenge wins couldn't overcome Emma's loyalty strategy. The season where loyalty was tested—and broken.",
    "memorableMoments": [
      "Final Tribal 3–3–1 tie; Cameron breaks tie for Emma",
      "Scott posts season-high 6 challenge wins",
      "Dakota wins Fan Favorite despite 12th place",
      "Sam eliminated by rocks after 3–3 tie",
      "Lightning wastes an idol play early",
      "Anne Maria absorbs 15 votes (most in season)"
    ]
  }
}