{
  "seasonNumber": 2,
  "title": "Total Drama 2",
  "subtitle": "The sequel that raised the stakes",
  "castSize": 14,
  "episodeCount": 13,
  "jurySize": 7,
  "winner": {
    "name": "Duncan",
    "playerSlug": "duncan",
    "vote": "5-1-1",
    "runnerUp": "Alejandro & Lindsay",
    "keyStats": "Constant targeting, earned respect",
    "strategy": "Survival under pressure",
    "legacy": "Endurance over control"
  },
  "finalists": [
    {
      "name": "Duncan",
      "playerSlug": "duncan",
      "placement": 1,
      "votes": 5
    },
    {
      "name": "Alejandro",
      "playerSlug": "alejandro",
      "placement": 2,
      "votes": 1
    },
    {
      "name": "Lindsay",
      "playerSlug": "lindsay",
      "placement": 3,
      "votes": 1
    }
  ],
  "placements": [
    {
      "placement": 1,
      "name": "Duncan",
      "playerSlug": "duncan",
      "phase": "Winner",
      "notes": "Won Final Tribal — 5 votes to win • 1 challenge wins • 1 immunity wins • 2 votes against"
    },
    {
      "placement": 2,
      "name": "Alejandro",
      "playerSlug": "alejandro",
      "phase": "Finalist",
      "notes": "1 vote to win • 5 challenge wins • 5 immunity wins • 11 votes against"
    },
    {
      "placement": 3,
      "name": "Lindsay",
      "playerSlug": "lindsay",
      "phase": "Finalist",
      "notes": "1 vote to win • 1 challenge wins • 1 immunity wins • 1 votes against"
    },
    {
      "placement": 4,
      "name": "Beth",
      "playerSlug": "beth",
      "phase": "Juror",
      "notes": "2–1–1 vote • 1 challenge wins • 1 immunity wins • Found 1 idol • 4 votes against"
    },
    {
      "placement": 5,
      "name": "DJ",
      "playerSlug": "dj",
      "phase": "Juror",
      "notes": "4–1 vote • 11 votes against"
    },
    {
      "placement": 6,
      "name": "Ezekiel",
      "playerSlug": "ezekiel",
      "phase": "Juror",
      "notes": "4–2 vote • Found 1 idol • 4 votes against"
    },
    {
      "placement": 7,
      "name": "Trent",
      "playerSlug": "trent",
      "phase": "Juror",
      "notes": "5–2 vote • 1 challenge wins • 1 immunity wins • 7 votes against"
    },
    {
      "placement": 8,
      "name": "Gwen",
      "playerSlug": "gwen",
      "phase": "Juror",
      "notes": "4–4 tie → 5–1 revote • 1 challenge wins • 1 immunity wins • 9 votes against"
    },
    {
      "placement": 9,
      "name": "Heather",
      "playerSlug": "heather",
      "phase": "Juror",
      "notes": "7–2 vote • 1 challenge wins • 1 immunity wins • 7 votes against"
    },
    {
      "placement": 10,
      "name": "Justin",
      "playerSlug": "justin",
      "phase": "Juror",
      "notes": "6–4* vote • 4 votes against"
    },
    {
      "placement": 11,
      "name": "Courtney",
      "playerSlug": "courtney",
      "phase": "Pre-Merge",
      "notes": "3–2 vote • Found 1 idol • 9 votes against"
    },
    {
      "placement": 12,
      "name": "Owen",
      "playerSlug": "owen",
      "phase": "Pre-Merge",
      "notes": "5–1* vote • 1 votes against"
    },
    {
      "placement": 13,
      "name": "Leshawna",
      "playerSlug": "leshawna",
      "phase": "Pre-Merge",
      "notes": "6–1 vote • 6 votes against"
    },
    {
      "placement": 14,
      "name": "Bridgette",
      "playerSlug": "bridgette",
      "phase": "Pre-Merge",
      "notes": "4–3 vote • 4 votes against"
    }
  ],
  "awards": {
    "winner": {
      "name": "Duncan",
      "playerSlug": "duncan",
      "description": "Survived constant targeting, won immunity when it mattered, earned respect from allies and enemies, embodied endurance over control"
    },
    "fanFavorite": {
      "name": "Alejandro",
      "playerSlug": "alejandro",
      "description": "Flashiest strategist of the season, always in the center of conflict, loved by viewers even when distrusted in-game"
    },
    "bestStrategic": {
      "name": "Alejandro",
      "playerSlug": "alejandro",
      "description": "Multiple alliances across phases, correct reads on timing and targets, used protection without exposing himself, lost because jury wanted blood not polish"
    },
    "bestSocial": {
      "name": "Lindsay",
      "playerSlug": "lindsay",
      "description": "Strong bonds across every phase, rarely targeted despite lacking immunity wins, trusted by nearly everyone"
    },
    "bestPhysical": {
      "name": "Alejandro",
      "playerSlug": "alejandro",
      "description": "5 challenge wins, 5 immunity wins - unmatched physical dominance"
    },
    "bestUnderdog": {
      "name": "Duncan",
      "playerSlug": "duncan",
      "description": "Frequently on wrong side of numbers, never collapsed socially, won without idols or twists"
    },
    "biggestVillain": {
      "name": "Heather",
      "playerSlug": "heather",
      "description": "Weaponized secrecy, stirred paranoia before exit, left emotional damage behind"
    },
    "mostChaotic": {
      "name": "Ezekiel",
      "playerSlug": "ezekiel",
      "description": "Idol magnet, flip risks everywhere, personal grudges shaped votes"
    },
    "messiestFeud": {
      "players": [
        "DJ",
        "Ezekiel"
      ],
      "description": "Mutual extreme hatred, targeted each other repeatedly, defined multiple episodes"
    },
    "biggestBetrayal": {
      "betrayer": "Alejandro",
      "betrayed": "Lindsay's allies",
      "description": "Strategic, cold, perfectly timed - cost him jury votes but gained him control"
    },
    "mostClutch": {
      "name": "Alejandro",
      "playerSlug": "alejandro",
      "description": "Winning final immunity - controlled Final Tribal setup, forced hard choices"
    },
    "mostLoyal": {
      "name": "Beth",
      "playerSlug": "beth",
      "description": "Rarely flipped, stayed true even when risky, cast the only Lindsay jury vote"
    },
    "biggestMeltdown": {
      "name": "Alejandro",
      "playerSlug": "alejandro",
      "episode": 7,
      "description": "Emotional crack, targeted Trent openly, almost cost him the game"
    },
    "mostTragic": {
      "name": "Gwen",
      "playerSlug": "gwen",
      "description": "Eliminated after tie + revote, targeted by both alliances, had social capital but not protection"
    },
    "quietestThreat": {
      "name": "Lindsay",
      "playerSlug": "lindsay",
      "description": "Always in the numbers, rarely blamed, never fully exposed, game noticed too late"
    },
    "seasonMVP": {
      "name": "Duncan",
      "playerSlug": "duncan",
      "description": "Central to conflicts, final winner, most juror respect - if Season 2 were a story, Duncan is the spine"
    },
    "playerOfSeason": {
      "gold": {
        "name": "Alejandro",
        "playerSlug": "alejandro",
        "description": "Dominated strategic gameplay, controlled multiple alliances, 5 immunity wins, reached Final Tribal"
      },
      "silver": {
        "name": "Duncan",
        "playerSlug": "duncan",
        "description": "Survived constant targeting to win the season - endurance and earned respect"
      }
    },
    "heroOfSeason": {
      "gold": {
        "name": "Duncan",
        "playerSlug": "duncan",
        "description": "Underdog who never gave up, faced constant targeting, won with integrity"
      },
      "silver": {
        "name": "Lindsay",
        "playerSlug": "lindsay",
        "description": "Loyal to allies, trusted by nearly everyone, played cleanly throughout"
      }
    },
    "villainOfSeason": {
      "gold": {
        "name": "Heather",
        "playerSlug": "heather",
        "description": "Weaponized secrecy, stirred paranoia, left emotional damage before exit"
      },
      "silver": {
        "name": "Alejandro",
        "playerSlug": "alejandro",
        "description": "Cold strategic moves, betrayed allies, prioritized control over compassion"
      }
    },
    "compBeast": {
      "gold": {
        "name": "Alejandro",
        "playerSlug": "alejandro",
        "description": "5 challenge wins, 5 immunity wins - unmatched physical dominance"
      },
      "silver": {
        "name": "Duncan",
        "playerSlug": "duncan",
        "description": "1 challenge win, 1 immunity win - clutch performances when it mattered most"
      }
    },
    "socialQueenKing": {
      "gold": {
        "name": "Lindsay",
        "playerSlug": "lindsay",
        "description": "Only 1 vote against all season - strongest social game, trusted by all"
      },
      "silver": {
        "name": "Beth",
        "playerSlug": "beth",
        "description": "Only 4 votes against, maintained loyalty, never alienated allies"
      }
    },
    "masterStrategist": {
      "gold": {
        "name": "Alejandro",
        "playerSlug": "alejandro",
        "description": "Multiple alliances across phases, perfect reads on timing and targets, lost to jury preference"
      },
      "silver": {
        "name": "Beth",
        "playerSlug": "beth",
        "description": "Found idol clue, won immunity when needed, manipulated narrative without exposure"
      }
    },
    "mostRobbedPreJuror": {
      "gold": {
        "name": "Courtney",
        "playerSlug": "courtney",
        "description": "Found immunity idol at crucial moment but eliminated before merging with jury"
      }
    },
    "mostBrutalExit": {
      "gold": {
        "name": "Gwen",
        "playerSlug": "gwen",
        "description": "Eliminated after 4-4 tie and revote despite having social capital and immunity wins"
      },
      "silver": {
        "name": "Owen",
        "playerSlug": "owen",
        "description": "Vulnerable position, strong social ties, fallback vote when plans collapse"
      }
    },
    "advantageKing": {
      "gold": {
        "name": "Beth",
        "playerSlug": "beth",
        "description": "Found Mystery Box key leading to idol clue, retrieved Steal-An-Idol advantage"
      },
      "silver": {
        "name": "Ezekiel",
        "playerSlug": "ezekiel",
        "description": "Found 1 hidden immunity idol, used strategically to protect Alejandro at merge"
      }
    },
    "biggest_Target": {
      "gold": {
        "name": "Alejandro",
        "playerSlug": "alejandro",
        "description": "11 votes against - most targeted player despite 5 immunity wins"
      }
    },
    "ftcGame": {
      "gold": {
        "name": "Duncan",
        "playerSlug": "duncan",
        "description": "Survived consensus threat to win Final Tribal 5-1-1 - proved endurance beats control"
      }
    },
    "mostRobbedFinalist": {
      "gold": {
        "name": "Alejandro",
        "playerSlug": "alejandro",
        "description": "Only received 1 jury vote despite 5 immunity wins, strategic dominance, and controlling endgame"
      }
    }
  },
  "statistics": {
    "challengeWins": {
      "mostImmunity": {
        "name": "Alejandro",
        "playerSlug": "alejandro",
        "wins": 5
      }
    },
    "socialGame": {
      "fewestVotes": {
        "name": "Duncan",
        "playerSlug": "duncan",
        "votes": 2
      }
    }
  },
  "legacy": {
    "summary": "Brought back 14 returnees for intense warfare. Duncan's survival story beat Alejandro's immunity dominance (5 wins!). The season proved strategy alone doesn't guarantee victory - the jury wanted blood and struggle.",
    "memorableMoments": [
      "Duncan survives constant targeting and wins",
      "Alejandro wins 5 immunities (season record)",
      "Strategic MVP: Alejandro (flashy center of conflict)",
      "Idols enter the game (Beth/Courtney/Ezekiel)",
      "Merge Tribal: Ezekiel plays idol on Alejandro",
      "Episode 7: 4-4 tie forces revote, Gwen exits",
      "Final Tribal ends 5–1–1",
      "Bridgette blindsided in Episode 1",
      "Courtney finds idol but exits pre-merge",
      "DJ vs Ezekiel defines messiest feud"
    ]
  }
}
