{
  "seasonNumber": 1,
  "title": "Total Drama: Cullhouse",
  "subtitle": "Where it all began",
  "castSize": 24,
  "episodeCount": 24,
  "jurySize": 9,
  "winner": {
    "name": "Lindsay",
    "playerSlug": "lindsay",
    "vote": "5-4",
    "runnerUp": "Alejandro",
    "keyStats": "Only 1 vote against all season",
    "strategy": "Social mastery",
    "legacy": "Perfect loyalty • Clean win"
  },
  "finalists": [
    {
      "name": "Lindsay",
      "playerSlug": "lindsay",
      "placement": 1,
      "votes": 5
    },
    {
      "name": "Alejandro",
      "playerSlug": "alejandro",
      "placement": 2,
      "votes": 4
    },
    {
      "name": "Bridgette",
      "playerSlug": "bridgette",
      "placement": 3,
      "votes": 1,
      "note": "1 jury vote (FTC third place)"
    }
  ],
  "placements": [
    {
      "placement": 1,
      "name": "Lindsay",
      "playerSlug": "lindsay",
      "phase": "Winner",
      "notes": "Won Final Tribal 5–4 • 1 votes against"
    },
    {
      "placement": 2,
      "name": "Alejandro",
      "playerSlug": "alejandro",
      "phase": "Finalist",
      "notes": "Lost Final Tribal 4–5 • 4 challenge wins • 3 immunity wins • 5 votes against"
    },
    {
      "placement": 3,
      "name": "Bridgette",
      "playerSlug": "bridgette",
      "phase": "Finalist",
      "notes": "1 jury vote • 5 challenge wins • 4 immunity wins • 20 votes against"
    },
    {
      "placement": 4,
      "name": "Ezekiel",
      "playerSlug": "ezekiel",
      "phase": "Juror",
      "notes": "2–2 tie → revote → tiebreaker • 1 challenge wins • 8 votes against • Cast tiebreak vote at FTC"
    },
    {
      "placement": 5,
      "name": "Beth",
      "playerSlug": "beth",
      "phase": "Juror",
      "notes": "2–1–1 • 22 votes against • Biggest jury threat"
    },
    {
      "placement": 6,
      "name": "Trent",
      "playerSlug": "trent",
      "phase": "Juror",
      "notes": "2–2–1–1 • 3 challenge wins • 2 immunity wins • 5 votes against"
    },
    {
      "placement": 7,
      "name": "Owen",
      "playerSlug": "owen",
      "phase": "Juror",
      "notes": "Medevac • 1 challenge wins • 6 votes against"
    },
    {
      "placement": 8,
      "name": "Heather",
      "playerSlug": "heather",
      "phase": "Juror",
      "notes": "5–2 • 2 challenge wins • 1 immunity wins • 10 votes against"
    },
    {
      "placement": 9,
      "name": "Courtney",
      "playerSlug": "courtney",
      "phase": "Juror",
      "notes": "5–4 • 10 votes against"
    },
    {
      "placement": 10,
      "name": "Sierra",
      "playerSlug": "sierra",
      "phase": "Juror",
      "notes": "6–4 • 13 votes against"
    },
    {
      "placement": 11,
      "name": "Leshawna",
      "playerSlug": "leshawna",
      "phase": "Juror",
      "notes": "7–3–1 • 1 challenge wins • 1 immunity wins • 7 votes against"
    },
    {
      "placement": 12,
      "name": "Katie",
      "playerSlug": "katie",
      "phase": "Pre-Merge",
      "notes": "5–3–3–1 • 5 votes against"
    },
    {
      "placement": 13,
      "name": "Sadie",
      "playerSlug": "sadie",
      "phase": "Pre-Merge",
      "notes": "Tie → revote → rocks • 4 votes against"
    },
    {
      "placement": 14,
      "name": "Duncan",
      "playerSlug": "duncan",
      "phase": "Pre-Merge",
      "notes": "5–3 • 5 votes against"
    },
    {
      "placement": 15,
      "name": "Noah",
      "playerSlug": "noah",
      "phase": "Pre-Merge",
      "notes": "6–3 • 11 votes against"
    },
    {
      "placement": 16,
      "name": "Gwen",
      "playerSlug": "gwen",
      "phase": "Pre-Merge",
      "notes": "4–3 • 4 votes against"
    },
    {
      "placement": 17,
      "name": "Harold",
      "playerSlug": "harold",
      "phase": "Pre-Merge",
      "notes": "4–3–2 • 6 votes against"
    },
    {
      "placement": 18,
      "name": "Izzy",
      "playerSlug": "izzy",
      "phase": "Pre-Merge",
      "notes": "5–4 • 5 votes against"
    },
    {
      "placement": 19,
      "name": "Cody",
      "playerSlug": "cody",
      "phase": "Pre-Merge",
      "notes": "6–5 • 6 votes against"
    },
    {
      "placement": 20,
      "name": "Geoff",
      "playerSlug": "geoff",
      "phase": "Pre-Merge",
      "notes": "7–2 • 13 votes against"
    },
    {
      "placement": 21,
      "name": "Eva",
      "playerSlug": "eva",
      "phase": "Pre-Merge",
      "notes": "6–4 • 6 votes against"
    },
    {
      "placement": 22,
      "name": "DJ",
      "playerSlug": "dj",
      "phase": "Pre-Merge",
      "notes": "9–2 • 9 votes against"
    },
    {
      "placement": 23,
      "name": "Tyler",
      "playerSlug": "tyler",
      "phase": "Pre-Merge",
      "notes": "8–4 • 8 votes against"
    },
    {
      "placement": 24,
      "name": "Justin",
      "playerSlug": "justin",
      "phase": "Pre-Merge",
      "notes": "6–6 → 6–4 revote • 12 votes against"
    }
  ],
  "awards": {
    "playerOfSeason": {
      "gold": {
        "name": "Alejandro",
        "playerSlug": "alejandro",
        "description": "Dominated strategy, controlled idols, reached FTC"
      },
      "silver": {
        "name": "Lindsay",
        "playerSlug": "lindsay",
        "description": "Clean victory with perfect social control"
      }
    },
    "heroOfSeason": {
      "gold": {
        "name": "Lindsay",
        "playerSlug": "lindsay",
        "description": "Low votes against, loyal gameplay, clean win"
      },
      "silver": {
        "name": "Owen",
        "playerSlug": "owen",
        "description": "Positive attitude, challenge contributions"
      }
    },
    "villainOfSeason": {
      "gold": {
        "name": "Heather",
        "playerSlug": "heather",
        "description": "High conflict, high impact, never invisible"
      },
      "silver": {
        "name": "Courtney",
        "playerSlug": "courtney",
        "description": "Dominant personality, strategic threat"
      }
    },
    "compBeast": {
      "gold": {
        "name": "Bridgette",
        "playerSlug": "bridgette",
        "description": "5 challenge wins, 4 immunities—undisputed physical force"
      },
      "silver": {
        "name": "Trent",
        "playerSlug": "trent",
        "description": "3 challenge wins, 2 immunity wins"
      }
    },
    "socialQueenKing": {
      "gold": {
        "name": "Lindsay",
        "playerSlug": "lindsay",
        "description": "Only 1 vote against all season—strongest social game"
      },
      "silver": {
        "name": "Owen",
        "playerSlug": "owen",
        "description": "6 votes against, strong jury connections"
      }
    },
    "masterStrategist": {
      "gold": {
        "name": "Alejandro",
        "playerSlug": "alejandro",
        "description": "Controlled idols, multiple alliances, perfect reads"
      },
      "silver": {
        "name": "Heather",
        "playerSlug": "heather",
        "description": "Found 2 idols, manipulative strategy"
      }
    },
    "mostRobbedPreJuror": {
      "gold": {
        "name": "Gwen",
        "playerSlug": "gwen",
        "description": "Close votes, strong social ties, unlucky timing"
      }
    },
    "mostBrutalExit": {
      "gold": {
        "name": "Sadie",
        "playerSlug": "sadie",
        "description": "Eliminated via rock draw after tie and revote"
      },
      "silver": {
        "name": "Owen",
        "playerSlug": "owen",
        "description": "Medevac exit mid-jury—medical emergency"
      }
    },
    "advantageKing": {
      "gold": {
        "name": "Ezekiel",
        "playerSlug": "ezekiel",
        "description": "Found 2 hidden immunity idols"
      },
      "silver": {
        "name": "Heather",
        "playerSlug": "heather",
        "description": "Found 2 hidden immunity idols"
      }
    },
    "biggest Target": {
      "gold": {
        "name": "Beth",
        "playerSlug": "beth",
        "description": "22 votes against—franchise record for most hostile reception"
      }
    },
    "ftcGame": {
      "gold": {
        "name": "Lindsay",
        "playerSlug": "lindsay",
        "description": "Perfect jury management—won 5-4 from final tribal"
      }
    },
    "winner": {
      "name": "Lindsay",
      "playerSlug": "lindsay",
      "description": "Perfect loyalty • Clean win"
    },
    "fanFavorite": {
      "name": "Lindsay",
      "playerSlug": "lindsay",
      "description": "Low votes against, loyal gameplay, clean win"
    },
    "bestStrategic": {
      "name": "Alejandro",
      "playerSlug": "alejandro",
      "description": "Controlled idols, multiple alliances, perfect reads"
    },
    "bestSocial": {
      "name": "Lindsay",
      "playerSlug": "lindsay",
      "description": "Only 1 vote against all season—strongest social game"
    },
    "bestPhysical": {
      "name": "Bridgette",
      "playerSlug": "bridgette",
      "description": "5 challenge wins, 4 immunities—undisputed physical force"
    },
    "biggestVillain": {
      "name": "Heather",
      "playerSlug": "heather",
      "description": "High conflict, high impact, never invisible"
    },
    "seasonMVP": {
      "name": "Alejandro",
      "playerSlug": "alejandro",
      "description": "Dominated strategy, controlled idols, reached FTC"
    },
    "biggestTarget": {
      "gold": {
        "name": "Beth",
        "playerSlug": "beth",
        "description": "22 votes against—franchise record for most hostile reception"
      }
    },
    "mostClutch": {
      "name": "Lindsay",
      "playerSlug": "lindsay",
      "description": "Perfect jury management—won 5-4 from final tribal"
    },
    "mostLoyal": {
      "name": "Lindsay",
      "playerSlug": "lindsay",
      "description": "Low votes against, loyal gameplay, clean win"
    },
    "bestUnderdog": {
      "name": "Gwen",
      "playerSlug": "gwen",
      "description": "Close votes, strong social ties, unlucky timing"
    },
    "mostChaotic": {
      "name": "Total Drama: Cullhouse",
      "playerSlug": null,
      "description": "2 ties, multiple revotes, 1 rock draw, 1 medevac"
    },
    "quietestThreat": {
      "name": "Ezekiel",
      "playerSlug": "ezekiel",
      "description": "Found 2 hidden immunity idols"
    },
    "biggestMeltdown": {
      "name": "Alejandro",
      "playerSlug": "alejandro",
      "episode": 22,
      "description": "Major endgame meltdown under pressure after winning immunity—every promise caught up to him."
    },
    "mostTragic": {
      "name": "Owen",
      "playerSlug": "owen",
      "description": "Medevac exit mid-jury—medical emergency."
    },
    "mostUnlucky": {
      "name": "Justin",
      "playerSlug": "justin",
      "episode": 1,
      "description": "Found an idol on Day 1 but didn’t play it and was eliminated in the opening vote."
    },
    "messiestFeud": {
      "players": [
        "Courtney",
        "Owen"
      ],
      "description": "Explosive mutual hatred that dominated the merge’s relationship landscape."
    },
    "biggestBetrayal": {
      "betrayer": "Alejandro",
      "betrayed": "Trent",
      "episode": 21,
      "description": "Cut the person who trusted him most at Final Six—Trent left heartbroken."
    },
    "secondBiggestBetrayal": {
      "betrayer": "Alejandro",
      "betrayed": "Beth",
      "episode": 1,
      "description": "Flipped at the revote to break the deadlock, abandoning Beth’s side when it mattered."
    }
  },
  "statistics": {
    "mostChaotic": "2 ties, multiple revotes, 1 rock draw, 1 medevac",
    "challengeStats": {
      "totalChallenges": 24,
      "immunityWins": {
        "mostImmunity": {
          "name": "Bridgette",
          "playerSlug": "bridgette",
          "wins": 4
        },
        "rankings": [
          {
            "name": "Bridgette",
            "playerSlug": "bridgette",
            "wins": 4
          },
          {
            "name": "Alejandro",
            "playerSlug": "alejandro",
            "wins": 3
          },
          {
            "name": "Trent",
            "playerSlug": "trent",
            "wins": 2
          },
          {
            "name": "Heather",
            "playerSlug": "heather",
            "wins": 1
          },
          {
            "name": "Leshawna",
            "playerSlug": "leshawna",
            "wins": 1
          }
        ]
      },
      "rewardWins": {
        "rankings": [
          {
            "name": "Alejandro",
            "playerSlug": "alejandro",
            "wins": 1
          },
          {
            "name": "Bridgette",
            "playerSlug": "bridgette",
            "wins": 1
          },
          {
            "name": "Ezekiel",
            "playerSlug": "ezekiel",
            "wins": 1
          },
          {
            "name": "Heather",
            "playerSlug": "heather",
            "wins": 1
          },
          {
            "name": "Owen",
            "playerSlug": "owen",
            "wins": 1
          },
          {
            "name": "Trent",
            "playerSlug": "trent",
            "wins": 1
          }
        ]
      },
      "totalChallengeWins": {
        "rankings": [
          {
            "name": "Bridgette",
            "playerSlug": "bridgette",
            "wins": 5
          },
          {
            "name": "Alejandro",
            "playerSlug": "alejandro",
            "wins": 4
          },
          {
            "name": "Trent",
            "playerSlug": "trent",
            "wins": 3
          },
          {
            "name": "Heather",
            "playerSlug": "heather",
            "wins": 2
          },
          {
            "name": "Ezekiel",
            "playerSlug": "ezekiel",
            "wins": 1
          },
          {
            "name": "Leshawna",
            "playerSlug": "leshawna",
            "wins": 1
          },
          {
            "name": "Owen",
            "playerSlug": "owen",
            "wins": 1
          }
        ]
      }
    },
    "socialGame": {
      "fewestVotes": {
        "name": "Lindsay",
        "playerSlug": "lindsay",
        "votes": 1
      },
      "mostVotes": {
        "name": "Beth",
        "playerSlug": "beth",
        "votes": 22
      },
      "topTargets": [
        {
          "name": "Beth",
          "playerSlug": "beth",
          "votes": 22
        },
        {
          "name": "Bridgette",
          "playerSlug": "bridgette",
          "votes": 20
        },
        {
          "name": "Geoff",
          "playerSlug": "geoff",
          "votes": 13
        },
        {
          "name": "Sierra",
          "playerSlug": "sierra",
          "votes": 13
        },
        {
          "name": "Justin",
          "playerSlug": "justin",
          "votes": 12
        },
        {
          "name": "Noah",
          "playerSlug": "noah",
          "votes": 11
        },
        {
          "name": "Courtney",
          "playerSlug": "courtney",
          "votes": 10
        },
        {
          "name": "Heather",
          "playerSlug": "heather",
          "votes": 10
        }
      ]
    },
    "strategic": {
      "idolsFound": 10,
      "idolFindings": [
        {
          "name": "Ezekiel",
          "playerSlug": "ezekiel",
          "count": 2
        },
        {
          "name": "Heather",
          "playerSlug": "heather",
          "count": 2
        },
        {
          "name": "Alejandro",
          "playerSlug": "alejandro",
          "count": 1
        },
        {
          "name": "Bridgette",
          "playerSlug": "bridgette",
          "count": 1
        },
        {
          "name": "Duncan",
          "playerSlug": "duncan",
          "count": 1
        },
        {
          "name": "Justin",
          "playerSlug": "justin",
          "count": 1
        },
        {
          "name": "Katie",
          "playerSlug": "katie",
          "count": 1
        },
        {
          "name": "Sierra",
          "playerSlug": "sierra",
          "count": 1
        }
      ],
      "strategicRanking": [
        {
          "rank": 1,
          "name": "Alejandro",
          "playerSlug": "alejandro",
          "note": "Clear strategic MVP"
        },
        {
          "rank": 2,
          "name": "Heather",
          "playerSlug": "heather",
          "note": "Strong manipulation"
        },
        {
          "rank": 3,
          "name": "Courtney",
          "playerSlug": "courtney",
          "note": "Dominant personality"
        }
      ]
    },
    "juryComposition": {
      "totalJurors": 9,
      "lurkingJurors": 2,
      "composition": "9 jurors voted, with 2-2 tie at Final 4 forcing revote/tiebreaker"
    },
    "votePatterns": {
      "finalTribalVote": "5-4 Lindsay",
      "tiesOccurred": 2,
      "revotesOccurred": 2,
      "rockDrawOccurred": 1,
      "medevacOccurred": 1
    }
  },
  "legacy": {
    "summary": "Season 1 established the foundation with 24 new players and hidden immunity idols. Lindsay's social mastery defeated Alejandro's strategic gameplay in a classic 5-4 vote. The season featured unprecedented chaos: 2 ties, multiple revotes, a rock draw, and a medevac.",
    "franchiseRecords": [
      "👑 Most Wins: Lindsay (1)",
      "🎯 Biggest Target: Beth (22 votes against)",
      "💪 Best Challenge Player: Bridgette (5 challenge wins)",
      "🧠 Best Strategic Player: Alejandro",
      "🛡️ Best Social Game: Lindsay (1 vote against)",
      "🪨 Most Chaotic Season: Season 1 (2 ties, revotes, rocks, medevac)"
    ],
    "memorableMoments": [
      "Season premiere: Cullhouse introduces 24 new players",
      "Hidden immunity idols introduced to the game",
      "Ezekiel forces Final 4 tiebreak drama with perfect game balance",
      "Sadie eliminated via rock draw after tie and revote",
      "Owen medevac exit during jury phase",
      "Bridgette dominates with 5 challenge wins (4 immunities + 1 reward)",
      "Lindsay wins with historic social control (1 vote against)",
      "Alejandro strategic MVP despite runner-up finish",
      "Beth receives franchise-record 22 votes against"
    ]
  }
}